Adresas,Kaina,Namo numeris:,Plotas:,Sklypo plotas:,Aukštų sk.:,Metai:,Pastato tipas:,Namo tipas:,Šildymas:,Vanduo:,Įrengimas:,Iki vandens telkinio (m):,Ypatybės:,Papildomos patalpos:,Reklama:,Reklama/pasiūlymas:,Unikalus daikto numeris(RC numeris):,Kambarių sk.:,Papildoma įranga:,Apsauga:,Artimiausias vandens telkinys:,Pastato energijos suvartojimo klasė:
"Alytaus r. sav., Medukštos k., Sodininkų g., mūrinis sodo namas",41 300 €,52,"137,73 m²","6,82 a",2,1982,Mūrinis,Sodo namas,"Centrinis, kietu kuru",Kita,Įrengtas,10,Kraštinis sklypasAsfaltuotas privažiavimasElektra,GaražasRūsys,Įsikelti į naujus namus padėsperkraustymo profesionalaiiš,Saulės elektrinė Jūsų namui ar butui:,,,,,,
"Alytaus r. sav., Navasodų I k., rąstinė sodyba",21 000 €,1,"2,034 m²","2,034 a",1,1970,Rąstinis,Sodyba,Kietu kuru,Šulinys,Įrengtas,,Greta miško,RūsysŪkiniai pastatai,Įsikelti į naujus namus padėsperkraustymo profesionalaiiš,Saulės elektrinė Jūsų namui ar butui:,3313-0005-0042,2,Su baldais,,,
"Alytaus r. sav., Skiturių k., Skiturių g., rąstinis namas",19 000 €,25,"48,37 m²",16 a,1,1956,Rąstinis,Namas (gyvenamasis),Kita,,Dalinė apdaila,,,,Įsirengti naujus namus padėsinterjero dizaineriaiiš,Saulės elektrinė Jūsų namui ar butui:,4400-0005-2431,,,,,
"Alytaus r. sav., Medukštos k., Medžiotojų g., mūrinis sodo namas",16 250 €,42,52 m²,10 a,2,1980,Mūrinis,Sodo namas,Kita,Kita,Įrengtas,,Greta miškoAsfaltuotas privažiavimasElektra,Rūsys,Įsikelti į naujus namus padėsperkraustymo profesionalaiiš,Saulės elektrinė Jūsų namui ar butui:,,1,,,,
"Alytaus r. sav., Lelionių k., Ežerėlio g., mūrinis namas",50 000 €,,356 m²,18 a,2,1961,Mūrinis,Namas (gyvenamasis),Kietu kuru,,Dalinė apdaila,,,,Įsirengti naujus namus padėsinterjero dizaineriaiiš,Saulės elektrinė Jūsų namui ar butui:,,,,,,
"Alytaus r. sav., Bendrių k., Saulėtekio g., medinis kita",20 000 €,2,60 m²,42 a,1,2011,Medinis,"Kita (nukeliamas, projektas, kt.)",Elektra,,Neįrengtas,,,,Įsirengti naujus namus padėsinterjero dizaineriaiiš,Saulės elektrinė Jūsų namui ar butui:,4400-0683-8051,,,,,
"Alytaus r. sav., Navasodų I k., rąstinis namas",79 000 €,2,110 m²,1525 a,1,1988,Rąstinis,Namas (gyvenamasis),Kietu kuru,Šulinys,Kita,,Greta miškoElektra,GaražasŪkiniai pastatai,Pastatyti naujus namus padėsprofesionalūs statybininkaiiš,Saulės elektrinė Jūsų namui ar butui:,,,,,,
"Alytaus r. sav., Padvariškių k., Lapakalnio g., mūrinis namas",229 000 €,6,"279,05 m²",45 a,3,"1986 statyba, 2011 renovacija",Mūrinis,Namas (gyvenamasis),"Skystu kuru, kietu kuru","Šulinys, vietinis vandentiekis",Įrengtas,,Asfaltuotas privažiavimasElektra,GaražasPirtisRūsysŪkiniai pastataiTerasa,Įsikelti į naujus namus padėsperkraustymo profesionalaiiš,Saulės elektrinė Jūsų namui ar butui:,,,Virtuvės komplektasViryklėŽidinysPlastikiniai vamzdžiaiIndaplovė,Aptverta teritorijaVaizdo kameros,,
"Alytaus r. sav., Medukštos k., Jurginų g., mūrinis sodo namas",26 000 €,,"55,3 m²","5,98 a",2,1987,Mūrinis,Sodo namas,"Elektra, kietu kuru",,Įrengtas,,,,Įsikelti į naujus namus padėsperkraustymo profesionalaiiš,Saulės elektrinė Jūsų namui ar butui:,,,,,,
"Alytaus r. sav., Miklusėnų k., Ūdrijos g., mūrinis namas",155 000 €,89,"128,02 m²","14,9 a",1,2023,Mūrinis,Namas (gyvenamasis),Aeroterminis,,Neįrengtas,,,,Įsirengti naujus namus padėsinterjero dizaineriaiiš,Saulės elektrinė Jūsų namui ar butui:,,,,,,
"Alytaus r. sav., Veismūnų k., medinė sodyba",44 999 €,,40 m²,25 a,1,2023,Medinis,Sodyba,"Kietu kuru, saulės energija, kita","Šulinys, kita",Įrengtas,5,Kraštinis sklypasGreta miškoElektraInternetasSu pakrante,PirtisŪkiniai pastataiTerasa,Įsikelti į naujus namus padėsperkraustymo profesionalaiiš,Saulės elektrinė Jūsų namui ar butui:,,,ViryklėŽidinys,,Upė,A+
"Alytus, Likiškėliai, Jūratės g., mūrinis namas",174 999 €,112,272 m²,"13,31 a",2,2017,Mūrinis,Namas (gyvenamasis),Kita,,Dalinė apdaila,,,,Įsirengti naujus namus padėsinterjero dizaineriaiiš,Saulės elektrinė Jūsų namui ar butui:,,,,,,
"Alytus, Senamiestis, Sodų g., mūrinis namas",85 000 €,,66 m²,6 a,2,1961,Mūrinis,Namas (gyvenamasis),Kietu kuru,"Šulinys, vietinis vandentiekis",Įrengtas,200,Asfaltuotas privažiavimasElektra,RūsysŪkiniai pastatai,Įsikelti į naujus namus padėsperkraustymo profesionalaiiš,Saulės elektrinė Jūsų namui ar butui:,,,,Aptverta teritorija,Upė,
"Alytaus r. sav., Kaniūkų k., Žiedo g., mūrinis namas",156 000 €,,145 m²,6 a,2,2014,Mūrinis,Namas (gyvenamasis),Kietu kuru,Vietinis vandentiekis,Įrengtas,,,Rūsys,Įsikelti į naujus namus padėsperkraustymo profesionalaiiš,Saulės elektrinė Jūsų namui ar butui:,,4,,,,
"Alytus, Vidzgiris, Sudvajų g., mūrinis sublokuotas namas",299 000 €,47,"320,26 m²","5,38 a",2,2000,Mūrinis,Sublokuotas namas,"Dujinis, kietu kuru",Miesto vandentiekis,Įrengtas,,Asfaltuotas privažiavimasElektraDujos,GaražasRūbinėRūsysTerasa,Įsikelti į naujus namus padėsperkraustymo profesionalaiiš,Saulės elektrinė Jūsų namui ar butui:,,8,Virtuvės komplektasŽidinysPlastikiniai vamzdžiai,Aptverta teritorijaSignalizacija,,
"Alytaus r. sav., Venciūnų k., Alytaus g., mūrinis namas",59 876 €,14,"102,22 m²",18 a,2,1971,Mūrinis,Namas (gyvenamasis),Kietu kuru,Vietinis vandentiekis,Įrengtas,950,Asfaltuotas privažiavimasElektra,GaražasRūsysŪkiniai pastatai,Įsikelti į naujus namus padėsperkraustymo profesionalaiiš,Saulės elektrinė Jūsų namui ar butui:,4400-1230-7070,6,Skalbimo mašinaSu baldaisŠaldytuvasVirtuvės komplektasViryklėPlastikiniai vamzdžiai,,Upė,
"Alytus, Pirmas Alytus, Veliuonos g., mūrinis namas",125 555 €,8,80 m²,"6,29 a",1,2022,Mūrinis,Namas (gyvenamasis),Elektra,Miesto vandentiekis,Dalinė apdaila,,Greta miškoElektra,Terasa,Įsirengti naujus namus padėsinterjero dizaineriaiiš,Saulės elektrinė Jūsų namui ar butui:,,,Šildomos grindysPlastikiniai vamzdžiai,,,A++
"Alytaus r. sav., Krokialaukio mstl., Dariaus ir Girėno g., medinė sodyba",20 000 €,5,120 m²,51 a,1,1937,Medinis,Sodyba,Kietu kuru,,Įrengtas,,,,Įsikelti į naujus namus padėsperkraustymo profesionalaiiš,Saulės elektrinė Jūsų namui ar butui:,,,,,,
"Alytus, Pirmas Alytus, Šilelio g., mūrinis namas",268 000 €,19B,238 m²,"7,13 a",2,2013,Mūrinis,Namas (gyvenamasis),"Dujinis, kietu kuru",Miesto vandentiekis,Įrengtas,100,Kraštinis sklypasGreta miškoElektraInternetas,GaražasPirtisRūbinėTerasa,Įsikelti į naujus namus padėsperkraustymo profesionalaiiš,Saulės elektrinė Jūsų namui ar butui:,,4,Skalbimo mašinaSu baldaisŠaldytuvasŠildomos grindysVirtuvės komplektasViryklėŽidinysPlastikiniai vamzdžiai,Aptverta teritorijaSignalizacija,Upė,
"Alytus, Vidzgiris, Puodžių g., karkasinis namas",236 000 €,17,100 m²,"5,58 a",1,2024,Karkasinis,Namas (gyvenamasis),Aeroterminis,Miesto vandentiekis,Įrengtas,,Elektra,RūbinėŪkiniai pastataiTerasa,Įsikelti į naujus namus padėsperkraustymo profesionalaiiš,Saulės elektrinė Jūsų namui ar butui:,,4,Šildomos grindys,Aptverta teritorija,,A+
"Alytaus r. sav., Mergalaukio k., Sodų g., medinis namas",17 210 €,6,"73,17 m²","20,69 a",2,1968,Medinis,Namas (gyvenamasis),Kietu kuru,Šulinys,Įrengtas,,Elektra,GaražasŪkiniai pastatai,Įsikelti į naujus namus padėsperkraustymo profesionalaiiš,Saulės elektrinė Jūsų namui ar butui:,4400-5946-1108,,,,,
"Alytaus r. sav., Karkliniškių k., Radvilonių kel., mūrinis namas",250 000 €,13,"228,94 m²","195,38 a",2,2023,Mūrinis,Namas (gyvenamasis),Kietu kuru,,Įrengtas,,,,Įsikelti į naujus namus padėsperkraustymo profesionalaiiš,Saulės elektrinė Jūsų namui ar butui:,,,,,,
"Alytus, Senamiestis, Senoji g., mūrinis namas",440 000 €,6,182 m²,"6,51 a",2,2020,Mūrinis,Namas (gyvenamasis),Geoterminis,Miesto vandentiekis,Įrengtas,,ElektraInternetasKabelinė televizija,BaseinasGaražasRūbinėTerasa,Įsikelti į naujus namus padėsperkraustymo profesionalaiiš,Saulės elektrinė Jūsų namui ar butui:,,6,Skalbimo mašinaSu baldaisŠaldytuvasŠildomos grindysVirtuvės komplektasViryklėŽidinysIndaplovėRekuperacinė sistema,Aptverta teritorijaSignalizacija,,
"Alytaus r. sav., Daugų m., Sodyba",3 000 000 €,,18 m²,1800 a,,2024,Kita,Sodyba,Kietu kuru,,Įrengtas,,,,Įsikelti į naujus namus padėsperkraustymo profesionalaiiš,Saulės elektrinė Jūsų namui ar butui:,,5,,,,
"Alytaus r. sav., Pasimnių k., Žalgirio g., medinė sodyba",38 000 €,3,67 m²,25 a,1,"1938 statyba, 1990 renovacija",Medinis,Sodyba,Kietu kuru,,Įrengtas,,,,Įsikelti į naujus namus padėsperkraustymo profesionalaiiš,Saulės elektrinė Jūsų namui ar butui:,,,,,,
"Alytaus r. sav., Kaniūkų k., Žvejų g., Sodyba",14 000 €,23,"44,58 m²","6,2 a",,1990,Kita,Sodyba,Kietu kuru,Šulinys,Įrengtas,,,,Įsikelti į naujus namus padėsperkraustymo profesionalaiiš,Saulės elektrinė Jūsų namui ar butui:,,3,,,,
"Alytaus r. sav., Veismūnų k., mūrinė sodyba",29 000 €,,120 m²,58 a,,2010,Mūrinis,Sodyba,Kietu kuru,Šulinys,Nebaigtas statyti,,,,Pastatyti naujus namus padėsprofesionalūs statybininkaiiš,Saulės elektrinė Jūsų namui ar butui:,,2,,,,
"Alytaus r. sav., Meškučių k., Nedzingės g., rąstinis namas",56 000 €,1,84 m²,50 a,1,"1960 statyba, 1989 renovacija",Rąstinis,Namas (gyvenamasis),Kietu kuru,Artezinis,Įrengtas,2 000,Asfaltuotas privažiavimasElektra,GaražasRūsysŪkiniai pastatai,Įsikelti į naujus namus padėsperkraustymo profesionalaiiš,Saulės elektrinė Jūsų namui ar butui:,3396-0012-3013,4,,Aptverta teritorija,Ežeras,
"Alytaus r. sav., Miklusėnų k., Statybininkų g., mūrinis namas",104 000 €,,190 m²,12 a,2,1998,Mūrinis,Namas (gyvenamasis),Kietu kuru,,Įrengtas,,ElektraDujosAsfaltuotas privažiavimas,GaražasRūsys,Įsikelti į naujus namus padėsperkraustymo profesionalaiiš,Saulės elektrinė Jūsų namui ar butui:,,4,Skalbimo mašinaŠaldytuvasViryklė,Aptverta teritorija,,
"Alytaus r. sav., Muiželėnų k., Genių g., monolitinis sodo namas",31 000 €,35,80 m²,6 a,3,1990,Monolitinis,Sodo namas,Kietu kuru,Šulinys,Įrengtas,1 000,Kraštinis sklypasGreta miškoElektra,PirtisŪkiniai pastatai,Įsikelti į naujus namus padėsperkraustymo profesionalaiiš,Saulės elektrinė Jūsų namui ar butui:,,2,Skalbimo mašinaSu baldaisŠaldytuvasVirtuvės komplektasViryklėŽidinys,,Upė,
"Alytaus r. sav., Simno m., Vanagėlio g., mūrinis namas",63 000 €,32,"89,85 m²",15 a,2,1972,Mūrinis,Namas (gyvenamasis),"Centrinis, kietu kuru","Miesto vandentiekis, šulinys",Įrengtas,500,Asfaltuotas privažiavimasElektra,GaražasŪkiniai pastatai,Įsikelti į naujus namus padėsperkraustymo profesionalaiiš,Saulės elektrinė Jūsų namui ar butui:,,6,Skalbimo mašinaSu baldaisŠaldytuvasVirtuvės komplektasViryklė,,Ežeras,
"Alytus, Senamiestis, Žirgų g., karkasinis namas",220 000 €,1D,"79,78 m²",10 a,1,2022,Karkasinis,Namas (gyvenamasis),"Elektra, saulės energija",Miesto vandentiekis,Įrengtas,,Kraštinis sklypasGreta miškoElektraInternetas,RūbinėTerasa,Įsikelti į naujus namus padėsperkraustymo profesionalaiiš,Saulės elektrinė Jūsų namui ar butui:,,3,Skalbimo mašinaSu baldaisŠildomos grindysVirtuvės komplektasViryklėPlastikiniai vamzdžiaiIndaplovėRekuperacinė sistema,SignalizacijaVaizdo kameros,,A++
"Alytaus r. sav., Poteronių k., Vilniaus g., karkasinis sodo namas",26 000 €,,40 m²,55 a,1,2022,Karkasinis,Sodo namas,Kita,,Neįrengtas,,,,Įsirengti naujus namus padėsinterjero dizaineriaiiš,Saulės elektrinė Jūsų namui ar butui:,,,,,,A+
"Alytaus r. sav., Krokininkų k., Krokininkų g., medinė sodyba",30 000 €,28,63 m²,40 a,,1968,Medinis,Sodyba,Kietu kuru,Šulinys,Dalinė apdaila,,ElektraAsfaltuotas privažiavimas,PirtisGaražasŪkiniai pastatai,Įsirengti naujus namus padėsinterjero dizaineriaiiš,Saulės elektrinė Jūsų namui ar butui:,,2,Su baldaisSkalbimo mašinaŠaldytuvasViryklė,,,
"Alytaus r. sav., Balkūnų k., Saulės g., rąstinis namas",99 999 €,,200 m²,"2,81 a",2,"1957 statyba, 2023 renovacija",Rąstinis,Namas (gyvenamasis),Kita,"Artezinis, šulinys",Įrengtas,10,Elektra,RūsysŪkiniai pastataiTerasa,Įsikelti į naujus namus padėsperkraustymo profesionalaiiš,Saulės elektrinė Jūsų namui ar butui:,,4,Virtuvės komplektas,,Upė,
"Alytaus r. sav., Norgeliškių k., Žalioji g., mūrinė sodyba",110 000 €,4,95 m²,40 a,,1986,Mūrinis,Sodyba,"Kietu kuru, kita",Miesto vandentiekis,Įrengtas,,ElektraInternetasKraštinis sklypasAsfaltuotas privažiavimas,GaražasRūsysŪkiniai pastatai,Įsikelti į naujus namus padėsperkraustymo profesionalaiiš,Saulės elektrinė Jūsų namui ar butui:,,4,,,,
"Alytaus r. sav., Balkasodžio k., Smėlio g., mūrinis sodo namas",22 999 €,16,72 m²,"12,4 a",2,1981,Mūrinis,Sodo namas,Kietu kuru,Šulinys,Įrengtas,200,Kraštinis sklypasGreta miškoElektra,GaražasRūsys,Įsikelti į naujus namus padėsperkraustymo profesionalaiiš,Saulės elektrinė Jūsų namui ar butui:,,2,Su baldais,,Upė,
"Alytaus r. sav., Pociūniškių k., medinis namas",39 500 €,1,"90,53 m²","72,28 a",2,1988,Medinis,Namas (gyvenamasis),Kietu kuru,Šulinys,Įrengtas,,Greta miškoAsfaltuotas privažiavimasElektra,,Įsikelti į naujus namus padėsperkraustymo profesionalaiiš,Saulės elektrinė Jūsų namui ar butui:,,3,,,Ežeras,
"Alytaus r. sav., Medukštos k., Medžiotojų g., karkasinis namas",120 000 €,6,"79,89 m²",6 a,1,2024,Karkasinis,Namas (gyvenamasis),"Elektra, centrinis kolektorinis","Artezinis, kita",Įrengtas,15,Kraštinis sklypasGreta miškoAsfaltuotas privažiavimasElektraInternetasKabelinė televizija,RūbinėTerasa,Įsikelti į naujus namus padėsperkraustymo profesionalaiiš,Saulės elektrinė Jūsų namui ar butui:,,3,KondicionieriusŠildomos grindysPlastikiniai vamzdžiai,Aptverta teritorija,Upė,B
"Alytaus r. sav., Medukštos k., Sodininkų g., mūrinis namas",108 000 €,6,"75,59 m²","7,91 a",2,"1990 statyba, 2022 renovacija",Mūrinis,Namas (gyvenamasis),Kietu kuru,,Įrengtas,,,,Įsikelti į naujus namus padėsperkraustymo profesionalaiiš,Saulės elektrinė Jūsų namui ar butui:,,,,,,
"Alytaus r. sav., Bazorų k., Pakrantės g., Sodo namas",15 400 €,11,"73,02 m²","12,5 a",2,1981,Kita,Sodo namas,Kietu kuru,,Įrengtas,,,,Įsikelti į naujus namus padėsperkraustymo profesionalaiiš,Saulės elektrinė Jūsų namui ar butui:,3398-1033-8014,,,,,
"Alytaus r. sav., Atesninkų k., Ežero g., medinis namas",32 000 €,18,"27,9 m²","23,4 a",1,1960,Medinis,Namas (gyvenamasis),Kietu kuru,Šulinys,Įrengtas,,Asfaltuotas privažiavimas,Pirtis,Įsikelti į naujus namus padėsperkraustymo profesionalaiiš,Saulės elektrinė Jūsų namui ar butui:,,,Su baldaisŠaldytuvasViryklėŽidinys,Signalizacija,,
"Alytus, Putinai, Putinų g., mūrinis namas",165 056 €,64P,80 m²,"12,26 a",1,2024,Mūrinis,Namas (gyvenamasis),Aeroterminis,,Dalinė apdaila,,,,Įsirengti naujus namus padėsinterjero dizaineriaiiš,Saulės elektrinė Jūsų namui ar butui:,,4,,,,A++
"Alytaus r. sav., Pivašiūnų k., Trakų g., mūrinė sodyba",41 500 €,19,118 m²,14 a,1,1971,Mūrinis,Sodyba,"Centrinis, kietu kuru",Šulinys,Įrengtas,500,Asfaltuotas privažiavimasElektra,GaražasRūsysŪkiniai pastatai,Įsikelti į naujus namus padėsperkraustymo profesionalaiiš,Saulės elektrinė Jūsų namui ar butui:,,5,,Signalizacija,Ežeras,F
"Alytaus r. sav., Butrimonių mstl., V. Kudirkos g., mūrinė sodyba",35 000 €,,72 m²,20 a,1,1973,Mūrinis,Sodyba,Centrinis,Miesto vandentiekis,Įrengtas,,Kraštinis sklypasElektra,Ūkiniai pastatai,Įsikelti į naujus namus padėsperkraustymo profesionalaiiš,Saulės elektrinė Jūsų namui ar butui:,,2,,,,
"Alytaus r. sav., Miklusėnų k., Naujoji g., blokinis namas",150 000 €,59,"220,27 m²",26 a,1,2020,Blokinis,Namas (gyvenamasis),Kita,,Neįrengtas,,,,Įsirengti naujus namus padėsinterjero dizaineriaiiš,Saulės elektrinė Jūsų namui ar butui:,,,,,,
"Alytus, Pirmas Alytus, Piliakalnio g., rąstinė namo dalis",72 000 €,10,87 m²,"5,16 a",2,"1900 statyba, 2014 renovacija",Rąstinis,Namo dalis,"Centrinis, aeroterminis",Miesto vandentiekis,Įrengtas,100,Kraštinis sklypasGreta miškoAsfaltuotas privažiavimasInternetasKabelinė televizija,GaražasTerasa,Įsikelti į naujus namus padėsperkraustymo profesionalaiiš,Saulės elektrinė Jūsų namui ar butui:,,5,KondicionieriusSkalbimo mašinaSu baldaisŠaldytuvasVirtuvės komplektasViryklėIndaplovė,,Upė,
"Alytus, Senamiestis, Bijūnų g., mūrinis namas",170 000 €,2,176 m²,"5,44 a",2,"1993 statyba, 2017 renovacija",Mūrinis,Namas (gyvenamasis),Dujinis,Miesto vandentiekis,Įrengtas,,,GaražasRūsys,Įsikelti į naujus namus padėsperkraustymo profesionalaiiš,Saulės elektrinė Jūsų namui ar butui:,,,,,,
"Alytaus r. sav., Bazorų k., Pakrantės g., karkasinis sodo namas",9 000 €,53,36 m²,6 a,2,2008,Karkasinis,Sodo namas,Kita,,Neįrengtas,,,,Įsirengti naujus namus padėsinterjero dizaineriaiiš,Saulės elektrinė Jūsų namui ar butui:,,,,,,
"Alytus, Putinai, Putinų g., mūrinis namas",138 062 €,64I,80 m²,"7,77 a",1,2024,Mūrinis,Namas (gyvenamasis),Aeroterminis,,Dalinė apdaila,,,,Įsirengti naujus namus padėsinterjero dizaineriaiiš,Saulės elektrinė Jūsų namui ar butui:,,4,,,,A++
"Alytus, Senamiestis, Seirijų g., mūrinis namas",209 000 €,24A,150 m²,3 a,3,"2004 statyba, 2022 renovacija",Mūrinis,Namas (gyvenamasis),Aeroterminis,Miesto vandentiekis,Įrengtas,,Elektra,GaražasPirtisRūsys,Įsikelti į naujus namus padėsperkraustymo profesionalaiiš,Saulės elektrinė Jūsų namui ar butui:,,6,Virtuvės komplektasViryklėIndaplovė,,,
"Alytus, Putinai, Putinų g., mūrinis namas",140 018 €,64A,80 m²,"8,03 a",1,2024,Mūrinis,Namas (gyvenamasis),Aeroterminis,Miesto vandentiekis,Dalinė apdaila,,,,Įsirengti naujus namus padėsinterjero dizaineriaiiš,Saulės elektrinė Jūsų namui ar butui:,,4,,,,A++
"Alytaus r. sav., Bazorų k., Vyšnių g., mūrinis sodo namas",14 500 €,,"43,5 m²",6 a,2,1986,Mūrinis,Sodo namas,Kietu kuru,,Kita,,Elektra,Rūsys,Pastatyti naujus namus padėsprofesionalūs statybininkaiiš,Saulės elektrinė Jūsų namui ar butui:,,1,,,,
"Alytaus r. sav., Ąžuolinių k., Piliakalnio g., mūrinis namas",45 000 €,14,"88,21 m²",17 a,1,1969,Mūrinis,Namas (gyvenamasis),Centrinis,Miesto vandentiekis,Įrengtas,,Asfaltuotas privažiavimasElektra,GaražasŪkiniai pastatai,Įsikelti į naujus namus padėsperkraustymo profesionalaiiš,Saulės elektrinė Jūsų namui ar butui:,,,,,,
"Alytaus r. sav., Norgeliškių k., Žalioji g., mūrinis namas",105 000 €,6,247 m²,63 a,1,1979,Mūrinis,Namas (gyvenamasis),"Centrinis, kietu kuru",,Įrengtas,,ElektraAsfaltuotas privažiavimasKraštinis sklypasGreta miško,Ūkiniai pastataiGaražasRūsys,Įsikelti į naujus namus padėsperkraustymo profesionalaiiš,Saulės elektrinė Jūsų namui ar butui:,,4,Su baldaisVirtuvės komplektasViryklė,,,
"Alytaus r. sav., Muiželėnų k., Centrinė g., medinis kita",9 000 €,,620 m²,"6,2 a",1,1984,Medinis,"Kita (nukeliamas, projektas, kt.)",Kita,,Kita,,,,Pastatyti naujus namus padėsprofesionalūs statybininkaiiš,Saulės elektrinė Jūsų namui ar butui:,,,,,,
"Alytaus r. sav., Kalesninkų k., medinė sodyba",11 000 €,,72 m²,45 a,1,1920,Medinis,Sodyba,"Centrinis, elektra",,Įrengtas,,Kraštinis sklypas,,Įsikelti į naujus namus padėsperkraustymo profesionalaiiš,Saulės elektrinė Jūsų namui ar butui:,,,,,,
"Alytaus r. sav., Praniūnų k., mūrinis namas",105 000 €,,"165,6 m²","0,4269 a",1,1975,Mūrinis,Namas (gyvenamasis),Kietu kuru,Miesto vandentiekis,Įrengtas,700,Asfaltuotas privažiavimasElektra,GaražasRūsysŪkiniai pastatai,Įsikelti į naujus namus padėsperkraustymo profesionalaiiš,Saulės elektrinė Jūsų namui ar butui:,,3,KondicionieriusSkalbimo mašinaŠaldytuvasVirtuvės komplektasViryklė,,Upė,
"Alytaus r. sav., Papėčių k., medinis namas",37 500 €,,"73,29 m²",89 a,1,1958,Medinis,Namas (gyvenamasis),Kietu kuru,,Įrengtas,,,,Įsikelti į naujus namus padėsperkraustymo profesionalaiiš,Saulės elektrinė Jūsų namui ar butui:,4400-6107-8808,,,,,
"Alytaus r. sav., Bazorų k., Topolių g., medinis sodo namas",19 000 €,17,"60,23 m²",8 a,2,2005,Medinis,Sodo namas,Kita,,Dalinė apdaila,,ElektraKraštinis sklypas,Terasa,Įsirengti naujus namus padėsinterjero dizaineriaiiš,Saulės elektrinė Jūsų namui ar butui:,,3,Su baldais,Aptverta teritorija,,G
"Alytaus r. sav., Žaliosios k., Onuškio g., mūrinis namas",27 000 €,3,84 m²,59 a,1,2000,Mūrinis,Namas (gyvenamasis),Kietu kuru,,Įrengtas,,,,Įsikelti į naujus namus padėsperkraustymo profesionalaiiš,Saulės elektrinė Jūsų namui ar butui:,,,,,,
"Alytaus r. sav., Kumečių k., Žiedo g., mūrinis namas",80 000 €,13,"277,54 m²","36,31 a",2,1985,Mūrinis,Namas (gyvenamasis),"Dujinis, kietu kuru",,Įrengtas,,,,Įsikelti į naujus namus padėsperkraustymo profesionalaiiš,Saulės elektrinė Jūsų namui ar butui:,,,,,,
"Alytaus r. sav., Kaimynų k., Kaimynų g., Sodyba",58 000 €,23,90 m²,"76,06 a",1,1950,Kita,Sodyba,Kietu kuru,Šulinys,Kita,50,Kraštinis sklypasAsfaltuotas privažiavimasElektraSu pakrante,Ūkiniai pastatai,Pastatyti naujus namus padėsprofesionalūs statybininkaiiš,Saulės elektrinė Jūsų namui ar butui:,,3,,,Ežeras,
"Alytaus r. sav., Muiželėnų k., Rūtų g., mūrinis sodo namas",23 600 €,18,"45,17 m²","6,8 a",2,1984,Mūrinis,Sodo namas,"Elektra, kietu kuru",Šulinys,Dalinė apdaila,,Kraštinis sklypasGreta miškoElektraSu pakrante,RūbinėRūsysŪkiniai pastatai,Įsirengti naujus namus padėsinterjero dizaineriaiiš,Saulės elektrinė Jūsų namui ar butui:,,,Židinys,,,
"Alytaus r. sav., Punios k., Margelio g., mūrinis namas",45 000 €,1,100 m²,"15,85 a",1,1977,Mūrinis,Namas (gyvenamasis),Kietu kuru,Miesto vandentiekis,Įrengtas,,Kraštinis sklypasAsfaltuotas privažiavimasElektra,RūsysŪkiniai pastatai,Įsikelti į naujus namus padėsperkraustymo profesionalaiiš,Saulės elektrinė Jūsų namui ar butui:,,3,,,Upė,
"Alytaus r. sav., Butkūnų k., Paplanskų g., mūrinis namas",189 900 €,,180 m²,18 a,2,2013,Mūrinis,Namas (gyvenamasis),"Aeroterminis, kita",Artezinis,Įrengtas,,Elektra,Garažas,Įsikelti į naujus namus padėsperkraustymo profesionalaiiš,Saulės elektrinė Jūsų namui ar butui:,,,,,,
"Alytus, Vidzgiris, Zaidų g., mūrinis sublokuotas namas",52 000 €,125,267 m²,"8,63 a",3,1996,Mūrinis,Sublokuotas namas,Kietu kuru,Miesto vandentiekis,Dalinė apdaila,,Kraštinis sklypasGreta miškoElektraDujos,GaražasRūsys,Įsirengti naujus namus padėsinterjero dizaineriaiiš,Saulės elektrinė Jūsų namui ar butui:,,,Šildomos grindys,,,
"Alytaus r. sav., Norūnų k., Saulės g., mūrinis sodo namas",56 500 €,6,40 m²,"6,7 a",1,2021,Mūrinis,Sodo namas,"Elektra, kita","Šulinys, vietinis vandentiekis",Įrengtas,100,Elektra,Terasa,Įsikelti į naujus namus padėsperkraustymo profesionalaiiš,Saulės elektrinė Jūsų namui ar butui:,,1,Su baldaisŠildomos grindys,,Tvenkinys,A+
"Alytaus k., Rūtų g., mūrinis namas",129 000 €,,"147,55 m²","6,03 a",2,2023,Mūrinis,Namas (gyvenamasis),Elektra,Miesto vandentiekis,Dalinė apdaila,,Asfaltuotas privažiavimasElektra,Garažas,Įsirengti naujus namus padėsinterjero dizaineriaiiš,Saulės elektrinė Jūsų namui ar butui:,,4,,Šarvuotos durys,Upė,
"Alytus, Pirmas Alytus, Medžiotojų g., mūrinis namas",190 000 €,1,"219,71 m²","12,08 a",2,1989,Mūrinis,Namas (gyvenamasis),"Dujinis, kietu kuru",Miesto vandentiekis,Įrengtas,,Kraštinis sklypasGreta miškoAsfaltuotas privažiavimasElektraDujosInternetas,GaražasPirtisRūbinėRūsys,Įsikelti į naujus namus padėsperkraustymo profesionalaiiš,Saulės elektrinė Jūsų namui ar butui:,1198-9002-2010,6,Skalbimo mašinaSu baldaisViryklė,,,
"Alytaus r. sav., Bazorų k., Kaštonų g., karkasinis sodo namas",11 000 €,,32 m²,"5,75 a",1,1984,Karkasinis,Sodo namas,Kita,,Įrengtas,,,,Įsikelti į naujus namus padėsperkraustymo profesionalaiiš,Saulės elektrinė Jūsų namui ar butui:,,,,,,
"Alytaus r. sav., Kumečių k., Lauko g., mūrinis namas",135 000 €,2,166 m²,40 a,2,2003,Mūrinis,Namas (gyvenamasis),Aeroterminis,"Artezinis, miesto vandentiekis",Įrengtas,,Kraštinis sklypasAsfaltuotas privažiavimasElektra,GaražasRūsysŪkiniai pastataiTerasa,Įsikelti į naujus namus padėsperkraustymo profesionalaiiš,Saulės elektrinė Jūsų namui ar butui:,,,Skalbimo mašinaSu baldaisŠaldytuvasŠildomos grindysVirtuvės komplektasViryklėIndaplovė,Aptverta teritorija,,
"Alytaus r. sav., Nemunaičio k., Ryto g., mūrinio namo dalis",25 000 €,2,53 m²,26 a,1,1975,Mūrinis,Namo dalis,Kietu kuru,,Įrengtas,,Asfaltuotas privažiavimasElektra,Ūkiniai pastatai,Įsikelti į naujus namus padėsperkraustymo profesionalaiiš,Saulės elektrinė Jūsų namui ar butui:,,3,,,Upė,
"Alytaus r. sav., Klausiškių k., Lakštingalų g., mūrinis sodo namas",40 000 €,2,75 m²,0 a,2,1990,Mūrinis,Sodo namas,Elektra,,Įrengtas,,,,Įsikelti į naujus namus padėsperkraustymo profesionalaiiš,Saulės elektrinė Jūsų namui ar butui:,4400-6001-7321,,,,,
"Alytaus r. sav., Jurkionių k., Kalniečių g., mūrinis sodo namas",36 000 €,6,"52,7 m²","6,4 a",1,1986,Mūrinis,Sodo namas,Kietu kuru,,Įrengtas,,Kraštinis sklypasGreta miškoElektra,,Įsikelti į naujus namus padėsperkraustymo profesionalaiiš,Saulės elektrinė Jūsų namui ar butui:,,3,,Aptverta teritorijaŠarvuotos durys,,
"Alytus, Senamiestis, Perlojos g., mūrinis namas",165 000 €,24A,300 m²,6 a,2,1987,Mūrinis,Namas (gyvenamasis),Kietu kuru,,Įrengtas,,ElektraAsfaltuotas privažiavimasGreta miško,TerasaPirtisŪkiniai pastataiBaseinasGaražasRūsys,Įsikelti į naujus namus padėsperkraustymo profesionalaiiš,Saulės elektrinė Jūsų namui ar butui:,,8,ŽidinysSu baldaisŠaldytuvasVirtuvės komplektasViryklė,Aptverta teritorija,,
"Alytaus r. sav., Paliepių k., Punelės g., mūrinė sodyba",55 000 €,,"78,16 m²",330 a,,1948,Mūrinis,Sodyba,Kietu kuru,Šulinys,Kita,,,,Pastatyti naujus namus padėsprofesionalūs statybininkaiiš,Saulės elektrinė Jūsų namui ar butui:,,3,,,,
"Alytaus r. sav., Užupių k., Užupių g., blokinis namas",115 000 €,,150 m²,17 a,1,2021,Blokinis,Namas (gyvenamasis),Kita,Miesto vandentiekis,Neįrengtas,,Greta miškoElektra,,Įsirengti naujus namus padėsinterjero dizaineriaiiš,Saulės elektrinė Jūsų namui ar butui:,,4,,,,
"Alytus, Senamiestis, Lelijų g., mūrinis namas",45 000 €,51,140 m²,7 a,2,1960,Mūrinis,Namas (gyvenamasis),Kietu kuru,,Kita,,ElektraDujos,Rūsys,Pastatyti naujus namus padėsprofesionalūs statybininkaiiš,Saulės elektrinė Jūsų namui ar butui:,,5,,,,
"Alytaus r. sav., Žilinčiškių k., rąstinė sodyba",24 500 €,,"83,12 m²",40 a,1,1955,Rąstinis,Sodyba,Kietu kuru,"Šulinys, kita",Įrengtas,15,Greta miškoElektraSu pakrante,GaražasŪkiniai pastatai,Įsikelti į naujus namus padėsperkraustymo profesionalaiiš,Saulės elektrinė Jūsų namui ar butui:,,3,Su baldaisŠaldytuvasVirtuvės komplektas,,Upė,E
"Alytaus r. sav., Klausiškių k., Lakštingalų g., rąstinis namas",87 000 €,10,58 m²,"9,25 a",1,2019,Rąstinis,Namas (gyvenamasis),Elektra,,Įrengtas,,,,Įsikelti į naujus namus padėsperkraustymo profesionalaiiš,Saulės elektrinė Jūsų namui ar butui:,,,,,,
"Alytaus r. sav., Kaniūkų k., Vilniaus g., Namas (gyvenamasis)",257 000 €,5,"191,29 m²",70 a,2,2000,Kita,Namas (gyvenamasis),Kita,,Įrengtas,,Asfaltuotas privažiavimasElektra,GaražasPirtisTerasa,Įsikelti į naujus namus padėsperkraustymo profesionalaiiš,Saulės elektrinė Jūsų namui ar butui:,,,KondicionieriusSkalbimo mašinaSu baldaisŠaldytuvasŠildomos grindysIndaplovė,Aptverta teritorijaSignalizacijaVaizdo kameros,Tvenkinys,
"Alytaus r. sav., Panemuninkėlių k., Kaštonų g., blokinis sodo namas",100 000 €,9,82 m²,"5,81 a",2,2015,Blokinis,Sodo namas,Kietu kuru,Vietinis vandentiekis,Įrengtas,,Asfaltuotas privažiavimasElektra,,Įsikelti į naujus namus padėsperkraustymo profesionalaiiš,Saulės elektrinė Jūsų namui ar butui:,,,Skalbimo mašinaSu baldaisŠaldytuvasŠildomos grindysVirtuvės komplektasŽidinys,Aptverta teritorija,,
"Alytaus r. sav., Cigoniškių k., Ežero g., mūrinis namas",20 000 €,,56 m²,50 a,1,1967,Mūrinis,Namas (gyvenamasis),"Elektra, kietu kuru",,Įrengtas,,,,Įsikelti į naujus namus padėsperkraustymo profesionalaiiš,Saulės elektrinė Jūsų namui ar butui:,,,,,,
"Alytus, Senamiestis, mūrinis namas",395 000 €,,240 m²,12 a,2,2003,Mūrinis,Namas (gyvenamasis),Dujinis,Miesto vandentiekis,Įrengtas,500,Greta miškoAsfaltuotas privažiavimasElektraDujosInternetas,GaražasRūbinėRūsysTerasa,Įsikelti į naujus namus padėsperkraustymo profesionalaiiš,Saulės elektrinė Jūsų namui ar butui:,,5,KondicionieriusSkalbimo mašinaSu baldaisŠaldytuvasŠildomos grindysVirtuvės komplektasViryklėŽidinysPlastikiniai vamzdžiai,Aptverta teritorijaSignalizacijaVaizdo kameros,Ežeras,
"Alytaus r. sav., Muiželėnų k., Topolių g., mūrinis namas",155 000 €,12,128 m²,"6,58 a",2,2016,Mūrinis,Namas (gyvenamasis),"Elektra, kietu kuru, saulės energija",,Įrengtas,,,,Įsikelti į naujus namus padėsperkraustymo profesionalaiiš,Saulės elektrinė Jūsų namui ar butui:,,,,,,
"Alytaus r. sav., Paplanskų k., Alytaus g., mūrinis namas",210 000 €,,146 m²,24 a,2,2006,Mūrinis,Namas (gyvenamasis),Aeroterminis,Šulinys,Įrengtas,,Kraštinis sklypasElektra,,Įsikelti į naujus namus padėsperkraustymo profesionalaiiš,Saulės elektrinė Jūsų namui ar butui:,,4,Skalbimo mašinaSu baldaisŠaldytuvasŠildomos grindysVirtuvės komplektasViryklėPlastikiniai vamzdžiaiIndaplovė,SignalizacijaŠarvuotos durys,,B
"Alytaus r. sav., Doškonių k., Varėnos g., mūrinė sodyba",210 000 €,,200 m²,20 a,,2011,Mūrinis,Sodyba,Kita,Kita,Nebaigtas statyti,,,,Pastatyti naujus namus padėsprofesionalūs statybininkaiiš,Saulės elektrinė Jūsų namui ar butui:,,4,,,,
"Alytaus r. sav., Vardos k., Šilo g., mūrinė sodyba",70 000 €,2,"152,13 m²",20 a,,1987,Mūrinis,Sodyba,Centrinis,Vietinis vandentiekis,Įrengtas,,,,Įsikelti į naujus namus padėsperkraustymo profesionalaiiš,Saulės elektrinė Jūsų namui ar butui:,,4,,,,
"Alytus, Likiškėliai, Punsko g., mūrinis namas",97 000 €,72,160 m²,10 a,2,2022,Mūrinis,Namas (gyvenamasis),Elektra,Artezinis,Įrengtas,,Kraštinis sklypas,,Įsikelti į naujus namus padėsperkraustymo profesionalaiiš,Saulės elektrinė Jūsų namui ar butui:,,,,,,A+
"Alytus, Pirmas Alytus, Merkinės g., rąstinis namas",99 000 €,,"89,89 m²","6,61 a",2,"1925 statyba, 2018 renovacija",Rąstinis,Namas (gyvenamasis),Kietu kuru,"Miesto vandentiekis, šulinys",Įrengtas,1 000,Asfaltuotas privažiavimasElektra,GaražasRūsysŪkiniai pastatai,Įsikelti į naujus namus padėsperkraustymo profesionalaiiš,Saulės elektrinė Jūsų namui ar butui:,,5,Su baldaisŠaldytuvasViryklėPlastikiniai vamzdžiai,Aptverta teritorija,Upė,
"Alytaus r. sav., Mergalaukio k., Jaunystės g., rąstinis namas",43 000 €,,69 m²,15 a,2,"1966 statyba, 2015 renovacija",Rąstinis,Namas (gyvenamasis),"Aeroterminis, kietu kuru",Vietinis vandentiekis,Įrengtas,2 000,Asfaltuotas privažiavimasElektra,GaražasPirtisŪkiniai pastatai,Įsikelti į naujus namus padėsperkraustymo profesionalaiiš,Saulės elektrinė Jūsų namui ar butui:,,2,,Aptverta teritorija,Ežeras,
"Alytaus r. sav., Užupių k., Pušų g., mūrinis namas",120 000 €,,"79,5 m²",8 a,1,2024,Mūrinis,Namas (gyvenamasis),Kita,,Dalinė apdaila,,,,Įsirengti naujus namus padėsinterjero dizaineriaiiš,Saulės elektrinė Jūsų namui ar butui:,,4,,,,
"Alytaus r. sav., Dvarčėnų k., rąstinė sodyba",498 000 €,,559 m²,679 a,2,2008,Rąstinis,Sodyba,Kietu kuru,Artezinis,Įrengtas,1,Kraštinis sklypasElektraSu pakrante,PirtisŪkiniai pastataiTerasa,Įsikelti į naujus namus padėsperkraustymo profesionalaiiš,Saulės elektrinė Jūsų namui ar butui:,,20,Su baldaisŠaldytuvasVirtuvės komplektasŽidinys,Aptverta teritorijaSignalizacijaVaizdo kameros,Ežeras,
"Alytus, Senamiestis, Margio g., mūrinis namas",260 000 €,3,215 m²,"27,5 a",2,1984,Mūrinis,Namas (gyvenamasis),Kietu kuru,,Kita,,,,Pastatyti naujus namus padėsprofesionalūs statybininkaiiš,Saulės elektrinė Jūsų namui ar butui:,,,,,,
"Alytaus r. sav., Lelionių k., mūrinė sodyba",95 000 €,,144 m²,440 a,2,2020,Mūrinis,Sodyba,Kita,"Artezinis, vietinis vandentiekis",Neįrengtas,,,Rūsys,Įsirengti naujus namus padėsinterjero dizaineriaiiš,Saulės elektrinė Jūsų namui ar butui:,,,,,,
"Alytaus k., Alytaus g., mūrinis namas",89 500 €,20,120 m²,12 a,1,2023,Mūrinis,Namas (gyvenamasis),Kita,Vietinis vandentiekis,Neįrengtas,,Elektra,GaražasRūbinė,Įsirengti naujus namus padėsinterjero dizaineriaiiš,Saulės elektrinė Jūsų namui ar butui:,,4,,,,
"Alytaus k., Takniškių g., mūrinis namas",320 000 €,,217 m²,95 a,2,2009,Mūrinis,Namas (gyvenamasis),Kietu kuru,Vietinis vandentiekis,Įrengtas,2 000,Kraštinis sklypasAsfaltuotas privažiavimasElektra,BaseinasGaražasPirtisRūbinėRūsysŪkiniai pastataiTerasa,Įsikelti į naujus namus padėsperkraustymo profesionalaiiš,Saulės elektrinė Jūsų namui ar butui:,,4,KondicionieriusSkalbimo mašinaSu baldaisŠaldytuvasVirtuvės komplektasViryklėŽidinysIndaplovė,SignalizacijaŠarvuotos durysVaizdo kameros,Upė,
"Alytaus r. sav., Tabalenkos k., mūrinė sodyba",178 000 €,,150 m²,190 a,2,2007,Mūrinis,Sodyba,Kietu kuru,Vietinis vandentiekis,Įrengtas,,Kraštinis sklypasGreta miškoElektra,BaseinasRūbinė,Įsikelti į naujus namus padėsperkraustymo profesionalaiiš,Saulės elektrinė Jūsų namui ar butui:,,4,KondicionieriusSkalbimo mašinaŠaldytuvasŠildomos grindysVirtuvės komplektasViryklėŽidinysIndaplovė,Aptverta teritorijaSignalizacijaŠarvuotos durysVaizdo kameros,,
"Alytaus r. sav., Daugų m., Vytauto g., rąstinis namas",31 000 €,6,"80,1 m²","4,24 a",1,"1940 statyba, 1973 renovacija",Rąstinis,Namas (gyvenamasis),Kietu kuru,Miesto vandentiekis,Neįrengtas,5,Asfaltuotas privažiavimasElektraSu pakrante,Ūkiniai pastatai,Įsirengti naujus namus padėsinterjero dizaineriaiiš,Saulės elektrinė Jūsų namui ar butui:,3394-0004-0011,4,,,Ežeras,
"Alytaus r. sav., Miklusėnų k., Lakštingalų g., mūrinis namas",143 000 €,,135 m²,15 a,2,"1992 statyba, 2002 renovacija",Mūrinis,Namas (gyvenamasis),"Dujinis, kietu kuru",Vietinis vandentiekis,Įrengtas,,Kraštinis sklypasAsfaltuotas privažiavimasElektraDujosInternetas,GaražasPirtisRūbinėRūsysŪkiniai pastataiTerasa,Įsikelti į naujus namus padėsperkraustymo profesionalaiiš,Saulės elektrinė Jūsų namui ar butui:,,4,Virtuvės komplektasŽidinys,Aptverta teritorija,,
"Alytus, Senamiestis, Lelijų g., mūrinis namas",108 000 €,,217 m²,"7,28 a",2,"1984 statyba, 2012 renovacija",Mūrinis,Namas (gyvenamasis),"Centrinis, dujinis",Miesto vandentiekis,Įrengtas,1,Kraštinis sklypasAsfaltuotas privažiavimasElektraDujosSu pakrante,BaseinasGaražasPirtisRūsys,Įsikelti į naujus namus padėsperkraustymo profesionalaiiš,Saulės elektrinė Jūsų namui ar butui:,,4,Skalbimo mašinaSu baldaisŠaldytuvasVirtuvės komplektasViryklėPlastikiniai vamzdžiai,,Upė,
"Alytaus r. sav., Daugų m., Krantinės g., mūrinis namas",109 000 €,1,228 m²,"16,47 a",2,1987,Mūrinis,Namas (gyvenamasis),"Dujinis, kita","Miesto vandentiekis, šulinys",Įrengtas,150,Kraštinis sklypasAsfaltuotas privažiavimasElektraInternetasKabelinė televizija,GaražasRūsysŪkiniai pastataiTerasa,Įsikelti į naujus namus padėsperkraustymo profesionalaiiš,Saulės elektrinė Jūsų namui ar butui:,,6,Su baldaisŠaldytuvasVirtuvės komplektasViryklė,Šarvuotos durys,Ežeras,
"Alytaus r. sav., Vaikantonių k., Akalyčios g., rąstinis namas",34 000 €,,"79,74 m²",42 a,1,1950,Rąstinis,Namas (gyvenamasis),"Kietu kuru, kita",Šulinys,Įrengtas,50,Elektra,GaražasPirtisRūsysŪkiniai pastatai,Įsikelti į naujus namus padėsperkraustymo profesionalaiiš,Saulės elektrinė Jūsų namui ar butui:,,3,Su baldaisŠaldytuvasVirtuvės komplektasViryklėŽidinys,Aptverta teritorijaSignalizacija,Tvenkinys,
"Alytus, Pirmas Alytus, Saulėtekio g., mūrinis namas",85 000 €,,215 m²,6 a,2,1985,Mūrinis,Namas (gyvenamasis),"Dujinis, kita",,Dalinė apdaila,,,,Įsirengti naujus namus padėsinterjero dizaineriaiiš,Saulės elektrinė Jūsų namui ar butui:,,,,,,
"Alytaus r. sav., Nemunaičio k., Alyvų g., mūrinis namas",175 000 €,4,"79,32 m²","10,54 a",1,2023,Mūrinis,Namas (gyvenamasis),"Elektra, centrinis kolektorinis, aeroterminis",,Įrengtas,,,,Įsikelti į naujus namus padėsperkraustymo profesionalaiiš,Saulės elektrinė Jūsų namui ar butui:,,,,,,
"Alytus, Putinai, Miklusėnų g., karkasinis namas",125 000 €,43,85 m²,10 a,1,"1964 statyba, 2001 renovacija",Karkasinis,Namas (gyvenamasis),"Centrinis, dujinis",,Įrengtas,,,,Įsikelti į naujus namus padėsperkraustymo profesionalaiiš,Saulės elektrinė Jūsų namui ar butui:,,,,,,
"Alytaus r. sav., Daugų m., Turgaus a., mūrinis namas",84 000 €,,"197,01 m²","4,53 a",2,1938,Mūrinis,Namas (gyvenamasis),Kita,,Įrengtas,,ElektraAsfaltuotas privažiavimas,GaražasTerasa,Įsikelti į naujus namus padėsperkraustymo profesionalaiiš,Saulės elektrinė Jūsų namui ar butui:,,6,Su baldaisŽidinys,Šarvuotos durys,,
"Alytaus r. sav., Kalesninkų k., Kaštonų g., mūrinis namas",32 000 €,,98 m²,41 a,2,1973,Mūrinis,Namas (gyvenamasis),Kietu kuru,Vietinis vandentiekis,Įrengtas,2 500,Asfaltuotas privažiavimas,Ūkiniai pastatai,Įsikelti į naujus namus padėsperkraustymo profesionalaiiš,Saulės elektrinė Jūsų namui ar butui:,,,Su baldais,,Ežeras,
"Alytaus r. sav., Padvariškių k., Lapakalnio g., Kita (nukeliamas, projektas, kt.)",24 999 €,1,48 m²,108 a,1,1953,Kita,"Kita (nukeliamas, projektas, kt.)",Kita,Šulinys,Kita,10,Asfaltuotas privažiavimasElektra,,Pastatyti naujus namus padėsprofesionalūs statybininkaiiš,Saulės elektrinė Jūsų namui ar butui:,,2,,,Tvenkinys,
"Alytaus r. sav., Likiškėlių k., Aušros g., mūrinis sodo namas",60 000 €,,80 m²,"8,12 a",2,1981,Mūrinis,Sodo namas,Kietu kuru,Vietinis vandentiekis,Įrengtas,,Asfaltuotas privažiavimasElektra,GaražasRūsysŪkiniai pastatai,Įsikelti į naujus namus padėsperkraustymo profesionalaiiš,Saulės elektrinė Jūsų namui ar butui:,,,Su baldais,,,
"Alytaus r. sav., Spernios k., Kaštonų g., mūrinė sodyba",27 000 €,,68 m²,283 a,1,1967,Mūrinis,Sodyba,Kietu kuru,Šulinys,Įrengtas,2 500,Greta miškoAsfaltuotas privažiavimasElektra,GaražasRūsysŪkiniai pastatai,Įsikelti į naujus namus padėsperkraustymo profesionalaiiš,Saulės elektrinė Jūsų namui ar butui:,,,,,Ežeras,
"Alytaus r. sav., Nemunaičio k., Karklų g., mūrinis sodo namas",45 000 €,,219 m²,10 a,2,1992,Mūrinis,Sodo namas,Kietu kuru,Artezinis,Įrengtas,130,Greta miškoElektra,GaražasPirtisRūsys,Įsikelti į naujus namus padėsperkraustymo profesionalaiiš,Saulės elektrinė Jūsų namui ar butui:,,4,Su baldaisŠaldytuvasVirtuvės komplektasŽidinys,,Upė,
"Alytaus r. sav., Tabalenkos k., Bokšto g., karkasinė sodyba",69 000 €,,"134,17 m²","31,14 a",2,1980,Karkasinis,Sodyba,Kietu kuru,Šulinys,Įrengtas,15,Elektra,GaražasRūsysŪkiniai pastatai,Įsikelti į naujus namus padėsperkraustymo profesionalaiiš,Saulės elektrinė Jūsų namui ar butui:,,4,Su baldaisVirtuvės komplektas,,Tvenkinys,
"Alytaus r. sav., Luksnėnų k., Gėlių g., karkasinis sodo namas",28 000 €,,86 m²,7 a,2,1992,Karkasinis,Sodo namas,Kita,Šulinys,Įrengtas,150,Asfaltuotas privažiavimasElektra,Garažas,Įsikelti į naujus namus padėsperkraustymo profesionalaiiš,Saulės elektrinė Jūsų namui ar butui:,,,Su baldais,,Ežeras,
"Alytaus r. sav., Likiškėlių k., Aušros g., mūrinis sodo namas",85 000 €,,"101,82 m²","5,93 a",1,2003,Mūrinis,Sodo namas,"Centrinis, aeroterminis, kietu kuru",,Įrengtas,,,Garažas,Įsikelti į naujus namus padėsperkraustymo profesionalaiiš,Saulės elektrinė Jūsų namui ar butui:,,,Su baldaisVirtuvės komplektas,,,
"Alytaus r. sav., Kurnėnų k., Ežero g., mūrinis namas",169 000 €,,"194,96 m²","37,3 a",1,2022,Mūrinis,Namas (gyvenamasis),Elektra,Kita,Dalinė apdaila,40,Asfaltuotas privažiavimasElektraSu pakrante,Garažas,Įsirengti naujus namus padėsinterjero dizaineriaiiš,Saulės elektrinė Jūsų namui ar butui:,,5,,SignalizacijaVaizdo kameros,Ežeras,
"Alytaus r. sav., Muiželėnų k., Tulpių g., karkasinis sodo namas",16 900 €,,"29,09 m²","6,8 a",1,1986,Karkasinis,Sodo namas,Elektra,,Įrengtas,1,Kraštinis sklypasGreta miškoElektra,PirtisŪkiniai pastatai,Įsikelti į naujus namus padėsperkraustymo profesionalaiiš,Saulės elektrinė Jūsų namui ar butui:,,,,,Tvenkinys,
"Alytaus r. sav., Karliškių k., Vytauto g., karkasinis namas",273 000 €,5B,"182,26 m²",52 a,2,2022,Karkasinis,Namas (gyvenamasis),"Elektra, aeroterminis, kita",Vietinis vandentiekis,Dalinė apdaila,1,Asfaltuotas privažiavimasElektraSu pakrante,GaražasTerasa,Įsirengti naujus namus padėsinterjero dizaineriaiiš,Saulės elektrinė Jūsų namui ar butui:,4400-5461-6541,5,KondicionieriusSu baldaisŠaldytuvasPlastikiniai vamzdžiai,,Ežeras,
"Alytaus r. sav., Bazorų k., Šermukšnių g., karkasinis namas",186 000 €,18,95 m²,7 a,2,2022,Karkasinis,Namas (gyvenamasis),"Elektra, aeroterminis, kietu kuru",,Įrengtas,,,,Įsikelti į naujus namus padėsperkraustymo profesionalaiiš,Saulės elektrinė Jūsų namui ar butui:,,,,,,
"Alytaus r. sav., Bazorų k., Vyšnių g., mūrinis namas",56 000 €,36,"83,21 m²","6,29 a",2,2023,Mūrinis,Namas (gyvenamasis),"Elektra, kietu kuru, kita",,Dalinė apdaila,70,Greta miškoElektra,RūsysTerasa,Įsirengti naujus namus padėsinterjero dizaineriaiiš,Saulės elektrinė Jūsų namui ar butui:,4400-6279-3386,3,Šildomos grindysPlastikiniai vamzdžiai,Aptverta teritorija,Upė,
"Alytaus r. sav., Punios k., Žagarių g., medinė sodyba",29 000 €,5,60 m²,56 a,2,1997,Medinis,Sodyba,Kita,,Įrengtas,,,,Įsikelti į naujus namus padėsperkraustymo profesionalaiiš,Saulės elektrinė Jūsų namui ar butui:,,,,,,
"Alytaus r. sav., Viečiūnų k., Navakanto g., rąstinė sodyba",59 000 €,,83 m²,973 a,1,1957,Rąstinis,Sodyba,Kietu kuru,,Įrengtas,,,,Įsikelti į naujus namus padėsperkraustymo profesionalaiiš,Saulės elektrinė Jūsų namui ar butui:,,,,,,
"Alytaus r. sav., Jurkionių k., Lauko g., mūrinis sodo namas",22 500 €,,"56,8 m²","6,7 a",1,1999,Mūrinis,Sodo namas,Kietu kuru,Šulinys,Įrengtas,,Kraštinis sklypasElektra,GaražasRūsys,Įsikelti į naujus namus padėsperkraustymo profesionalaiiš,Saulės elektrinė Jūsų namui ar butui:,,2,,,,
"Alytaus r. sav., Miroslavo k., Parko g., karkasinis namas",52 000 €,,59 m²,29 a,1,1957,Karkasinis,Namas (gyvenamasis),Kietu kuru,"Miesto vandentiekis, šulinys",Įrengtas,,Asfaltuotas privažiavimasElektra,RūsysŪkiniai pastatai,Įsikelti į naujus namus padėsperkraustymo profesionalaiiš,Saulės elektrinė Jūsų namui ar butui:,,3,,Aptverta teritorija,Ežeras,
"Alytus, Senamiestis, Kauno g., rąstinis namas",134 000 €,,116 m²,"7,17 a",2,"1976 statyba, 2022 renovacija",Rąstinis,Namas (gyvenamasis),"Centrinis kolektorinis, aeroterminis",Miesto vandentiekis,Įrengtas,600,Asfaltuotas privažiavimasElektra,GaražasRūsysŪkiniai pastataiTerasa,Įsikelti į naujus namus padėsperkraustymo profesionalaiiš,Saulės elektrinė Jūsų namui ar butui:,,4,Šildomos grindysVirtuvės komplektas,,Upė,
"Alytaus r. sav., Nemunaičio mstl., Nemuno g., mūrinis namas",58 000 €,,172 m²,10 a,1,1984,Mūrinis,Namas (gyvenamasis),Centrinis,Šulinys,Įrengtas,100,Greta miškoAsfaltuotas privažiavimasElektra,GaražasRūsysŪkiniai pastatai,Įsikelti į naujus namus padėsperkraustymo profesionalaiiš,Saulės elektrinė Jūsų namui ar butui:,,4,Su baldais,,Upė,
"Alytus, Senamiestis, Vilniaus g., mūrinis namas",449 000 €,,297 m²,7 a,2,2000,Mūrinis,Namas (gyvenamasis),"Aeroterminis, dujinis",Miesto vandentiekis,Įrengtas,,Asfaltuotas privažiavimasElektraDujos,Garažas,Įsikelti į naujus namus padėsperkraustymo profesionalaiiš,Saulės elektrinė Jūsų namui ar butui:,,,Su baldaisVirtuvės komplektas,Aptverta teritorijaSignalizacijaVaizdo kameros,,
"Alytaus k., Pakrantės g., mūrinis sodo namas",58 700 €,,71 m²,6 a,1,"1995 statyba, 2005 renovacija",Mūrinis,Sodo namas,"Centrinis, kietu kuru",Šulinys,Įrengtas,,Greta miško,GaražasŪkiniai pastatai,Įsikelti į naujus namus padėsperkraustymo profesionalaiiš,Saulės elektrinė Jūsų namui ar butui:,,,,Aptverta teritorija,,
"Alytaus r. sav., Butrimonių mstl., Naujoji g., mūrinis namas",85 000 €,,68 m²,15 a,1,"1975 statyba, 2021 renovacija",Mūrinis,Namas (gyvenamasis),Kietu kuru,Miesto vandentiekis,Įrengtas,,Asfaltuotas privažiavimasElektraInternetas,GaražasŪkiniai pastatai,Įsikelti į naujus namus padėsperkraustymo profesionalaiiš,Saulės elektrinė Jūsų namui ar butui:,,3,Su baldaisPlastikiniai vamzdžiai,Aptverta teritorija,,
"Alytus, Pirmas Alytus, Ateities g., mūrinis namas",154 999 €,10,299 m²,6 a,2,1971,Mūrinis,Namas (gyvenamasis),Dujinis,Miesto vandentiekis,Įrengtas,,Asfaltuotas privažiavimasElektraDujos,GaražasPirtisRūbinėRūsysŪkiniai pastatai,Įsikelti į naujus namus padėsperkraustymo profesionalaiiš,Saulės elektrinė Jūsų namui ar butui:,,5,Skalbimo mašinaSu baldaisŠaldytuvasVirtuvės komplektasViryklėŽidinysPlastikiniai vamzdžiaiIndaplovė,Aptverta teritorijaSignalizacija,,
"Alytaus k., Lelijų g., blokinis namas",180 000 €,5,"79,3 m²","5,85 a",1,2022,Blokinis,Namas (gyvenamasis),Aeroterminis,Vietinis vandentiekis,Įrengtas,,Greta miškoElektra,,Įsikelti į naujus namus padėsperkraustymo profesionalaiiš,Saulės elektrinė Jūsų namui ar butui:,4400-5971-7950,3,Skalbimo mašinaSu baldaisŠaldytuvasŠildomos grindysVirtuvės komplektasViryklėPlastikiniai vamzdžiaiIndaplovėRekuperacinė sistema,,Upė,
"Alytaus r. sav., Butrimonių mstl., Vilniaus g., rąstinė sodyba",13 500 €,31,"47,65 m²","19,95 a",1,1960,Rąstinis,Sodyba,Kietu kuru,Kita,Įrengtas,,Kraštinis sklypasAsfaltuotas privažiavimasElektra,GaražasRūsysŪkiniai pastatai,Įsikelti į naujus namus padėsperkraustymo profesionalaiiš,Saulės elektrinė Jūsų namui ar butui:,3396-0007-8019,2,,Aptverta teritorija,,
"Alytaus r. sav., Punios k., Jaunimo g., mūrinis namas",47 000 €,,"119,64 m²","14,78 a",1,1981,Mūrinis,Namas (gyvenamasis),Kietu kuru,,Įrengtas,,ElektraAsfaltuotas privažiavimas,,Įsikelti į naujus namus padėsperkraustymo profesionalaiiš,Saulės elektrinė Jūsų namui ar butui:,,5,,,,
"Alytus, Pirmas Alytus, Mindaugo g., karkasinis namas",285 000 €,13,152 m²,6 a,2,2018,Karkasinis,Namas (gyvenamasis),Aeroterminis,Miesto vandentiekis,Įrengtas,,Kraštinis sklypasGreta miškoElektra,RūbinėŪkiniai pastataiTerasa,Įsikelti į naujus namus padėsperkraustymo profesionalaiiš,Saulės elektrinė Jūsų namui ar butui:,,5,KondicionieriusSu baldaisŠaldytuvasŠildomos grindysVirtuvės komplektasViryklėŽidinysIndaplovė,,,
"Alytus, Vidzgiris, Lazdynų g., mūrinis namas",219 000 €,,556 m²,"8,05 a",2,1992,Mūrinis,Namas (gyvenamasis),"Centrinis, dujinis, kietu kuru, kita",Miesto vandentiekis,Įrengtas,1 000,Greta miškoAsfaltuotas privažiavimasElektraDujos,GaražasPirtisRūsysŪkiniai pastatai,Įsikelti į naujus namus padėsperkraustymo profesionalaiiš,Saulės elektrinė Jūsų namui ar butui:,,14,,Aptverta teritorijaSignalizacijaVaizdo kameros,,
"Alytus, Senamiestis, V. Krėvės g., mūrinis namas",79 999 €,,69 m²,"11,25 a",1,"1936 statyba, 1972 renovacija",Mūrinis,Namas (gyvenamasis),"Dujinis, kietu kuru",Miesto vandentiekis,Įrengtas,300,Greta miškoAsfaltuotas privažiavimasElektraDujos,Ūkiniai pastatai,Įsikelti į naujus namus padėsperkraustymo profesionalaiiš,Saulės elektrinė Jūsų namui ar butui:,,,Su baldaisVirtuvės komplektas,Aptverta teritorija,Upė,
"Alytaus r. sav., Balkasodžio k., Topolių g., karkasinis namas",92 000 €,63,113 m²,12 a,2,2019,Karkasinis,Namas (gyvenamasis),Kietu kuru,,Dalinė apdaila,,,,Įsirengti naujus namus padėsinterjero dizaineriaiiš,Saulės elektrinė Jūsų namui ar butui:,,,,,,
"Alytaus r. sav., Simno m., Paupio g., mūrinis namas",175 000 €,12,197 m²,15 a,2,2013,Mūrinis,Namas (gyvenamasis),Aeroterminis,,Įrengtas,,,,Įsikelti į naujus namus padėsperkraustymo profesionalaiiš,Saulės elektrinė Jūsų namui ar butui:,,,,,,
"Alytaus r. sav., Žuvintų k., Pirmųjų Žuvintų g., medinis namas",17 000 €,,75 m²,32 a,1,1970,Medinis,Namas (gyvenamasis),Kietu kuru,,Kita,,,,Pastatyti naujus namus padėsprofesionalūs statybininkaiiš,Saulės elektrinė Jūsų namui ar butui:,,4,,,,
"Alytaus r. sav., Panemuninkėlių k., Strielčių g., rąstinis namas",215 000 €,1,193 m²,25 a,2,2008,Rąstinis,Namas (gyvenamasis),"Aeroterminis, kietu kuru","Šulinys, vietinis vandentiekis",Įrengtas,,Kraštinis sklypasGreta miškoAsfaltuotas privažiavimasElektraInternetasKabelinė televizija,GaražasPirtisRūbinėŪkiniai pastataiTerasa,Įsikelti į naujus namus padėsperkraustymo profesionalaiiš,Saulės elektrinė Jūsų namui ar butui:,,5,KondicionieriusSkalbimo mašinaSu baldaisŠaldytuvasVirtuvės komplektasViryklėŽidinysPlastikiniai vamzdžiaiIndaplovė,Aptverta teritorijaŠarvuotos durys,,
"Alytaus k., Alytaus g., mūrinis namas",79 000 €,,80 m²,15 a,2,2023,Mūrinis,Namas (gyvenamasis),Kita,,Dalinė apdaila,,,,Įsirengti naujus namus padėsinterjero dizaineriaiiš,Saulės elektrinė Jūsų namui ar butui:,,,,,,
"Alytus, Pirmas Alytus, Saulės g., mūrinis namas",185 000 €,,279 m²,10 a,2,"1992 statyba, 2012 renovacija",Mūrinis,Namas (gyvenamasis),"Dujinis, kietu kuru",,Įrengtas,,,,Įsikelti į naujus namus padėsperkraustymo profesionalaiiš,Saulės elektrinė Jūsų namui ar butui:,,,,,,
"Alytaus r. sav., Miklusėnų k., Jurginų g., mūrinis namas",142 000 €,17B,80 m²,6 a,1,2024,Mūrinis,Namas (gyvenamasis),Kita,,Dalinė apdaila,,,,Įsirengti naujus namus padėsinterjero dizaineriaiiš,Saulės elektrinė Jūsų namui ar butui:,,,,,,
"Alytaus r. sav., Duselninkų k., Ežero g., rąstinė sodyba",99 000 €,50,"70,83 m²","448,96 a",1,1962,Rąstinis,Sodyba,Kietu kuru,Šulinys,Kita,10,Asfaltuotas privažiavimasElektraSu pakrante,Ūkiniai pastatai,Pastatyti naujus namus padėsprofesionalūs statybininkaiiš,Saulės elektrinė Jūsų namui ar butui:,,2,,Vaizdo kameros,Ežeras,
"Alytaus r. sav., Jurkionių k., Kalno g., rąstinis sodo namas",31 500 €,19,"42,79 m²","5,68 a",1,2008,Rąstinis,Sodo namas,Elektra,"Šulinys, vietinis vandentiekis",Įrengtas,,Elektra,RūsysŪkiniai pastatai,Įsikelti į naujus namus padėsperkraustymo profesionalaiiš,Saulės elektrinė Jūsų namui ar butui:,4400-1627-9433,2,Su baldaisŠaldytuvasVirtuvės komplektasViryklėPlastikiniai vamzdžiai,Aptverta teritorijaŠarvuotos durysVaizdo kameros,Tvenkinys,
"Alytus, Senamiestis, Užuolankos g., mūrinis namas",59 000 €,,"85,24 m²","3,92 a",1,1970,Mūrinis,Namas (gyvenamasis),"Kietu kuru, kita",Kita,Įrengtas,600,Asfaltuotas privažiavimasElektra,GaražasRūsysŪkiniai pastatai,Įsikelti į naujus namus padėsperkraustymo profesionalaiiš,Saulės elektrinė Jūsų namui ar butui:,,2,,,Upė,
"Alytus, Senamiestis, Mėtų g., mūrinis namas",255 000 €,,"214,21 m²","7,31 a",2,"1997 statyba, 2017 renovacija",Mūrinis,Namas (gyvenamasis),"Dujinis, kietu kuru",,Įrengtas,,,,Įsikelti į naujus namus padėsperkraustymo profesionalaiiš,Saulės elektrinė Jūsų namui ar butui:,,,,,,
"Alytaus r. sav., Einorų k., Jonų g., mūrinis namas",56 000 €,,365 m²,122 a,2,"1963 statyba, 1996 renovacija",Mūrinis,Namas (gyvenamasis),Kita,Šulinys,Neįrengtas,,Kraštinis sklypasAsfaltuotas privažiavimasElektra,GaražasRūsys,Įsirengti naujus namus padėsinterjero dizaineriaiiš,Saulės elektrinė Jūsų namui ar butui:,,,,,,
"Alytaus r. sav., Pievagalių k., Lakštingalų g., rąstinė namo dalis",1 701 €,3,"34,76 m²",15 a,1,1937,Rąstinis,Namo dalis,Kietu kuru,,Kita,,Varžytynės/aukcionas,,Pastatyti naujus namus padėsprofesionalūs statybininkaiiš,Saulės elektrinė Jūsų namui ar butui:,3393-7006-9019,,,,,
"Alytus, Senamiestis, Lelijų g., Namo dalis",69 500 €,35,"55,8 m²",3 a,1,"1924 statyba, 2011 renovacija",Kita,Namo dalis,Dujinis,,Įrengtas,,,,Įsikelti į naujus namus padėsperkraustymo profesionalaiiš,Saulės elektrinė Jūsų namui ar butui:,,,,,,
"Alytaus r. sav., Likiškėlių k., Dainavos g., mūrinis namas",90 000 €,16,153 m²,"33,16 a",1,2022,Mūrinis,Namas (gyvenamasis),"Geoterminis, aeroterminis, kietu kuru, kita",Artezinis,Neįrengtas,,Kraštinis sklypasElektra,Garažas,Įsirengti naujus namus padėsinterjero dizaineriaiiš,Saulės elektrinė Jūsų namui ar butui:,,,,Šarvuotos durys,,
"Alytaus r. sav., Daugų k., Gilūšio g., mūrinis namas",37 000 €,2,"69,9 m²",139 a,1,1957,Mūrinis,Namas (gyvenamasis),Kietu kuru,Šulinys,Kita,100,Elektra,Ūkiniai pastatai,Pastatyti naujus namus padėsprofesionalūs statybininkaiiš,Saulės elektrinė Jūsų namui ar butui:,,,,,Ežeras,
"Alytaus r. sav., Miroslavo k., Vilties g., rąstinė namo dalis",14 999 €,3,67 m²,7 a,1,1950,Rąstinis,Namo dalis,Kietu kuru,Miesto vandentiekis,Įrengtas,30,Asfaltuotas privažiavimasElektra,Ūkiniai pastatai,Įsikelti į naujus namus padėsperkraustymo profesionalaiiš,Saulės elektrinė Jūsų namui ar butui:,,3,,,Tvenkinys,
"Alytaus r. sav., Balninkų k., Balninkų g., mūrinis namas",73 000 €,20,"79,8 m²","41,02 a",1,2023,Mūrinis,Namas (gyvenamasis),Kita,,Dalinė apdaila,,,,Įsirengti naujus namus padėsinterjero dizaineriaiiš,Saulės elektrinė Jūsų namui ar butui:,,,,,,
"Alytus, Senamiestis, Klevų g., mūrinis namas",120 000 €,,230 m²,"7,9 a",2,1990,Mūrinis,Namas (gyvenamasis),Dujinis,Miesto vandentiekis,Įrengtas,,Asfaltuotas privažiavimasElektraDujos,GaražasRūsys,Įsikelti į naujus namus padėsperkraustymo profesionalaiiš,Saulės elektrinė Jūsų namui ar butui:,,,KondicionieriusSkalbimo mašinaSu baldaisŠaldytuvasVirtuvės komplektasPlastikiniai vamzdžiai,Aptverta teritorijaŠarvuotos durys,,
"Alytaus r. sav., Likiškėlių k., Tėviškės g., rąstinis namas",159 000 €,,"137,86 m²","11,92 a",2,2009,Rąstinis,Namas (gyvenamasis),"Kietu kuru, kita",,Įrengtas,,,,Įsikelti į naujus namus padėsperkraustymo profesionalaiiš,Saulės elektrinė Jūsų namui ar butui:,,,,,,
"Alytaus r. sav., Žaunieriškių k., Slėnio g., mūrinis namas",365 000 €,17,"158,44 m²","9,6 a",1,2016,Mūrinis,Namas (gyvenamasis),Geoterminis,Artezinis,Įrengtas,,Kraštinis sklypasElektra,GaražasTerasa,Įsikelti į naujus namus padėsperkraustymo profesionalaiiš,Saulės elektrinė Jūsų namui ar butui:,,4,KondicionieriusSkalbimo mašinaSu baldaisŠaldytuvasŠildomos grindysVirtuvės komplektasViryklėŽidinysPlastikiniai vamzdžiaiIndaplovė,Aptverta teritorijaŠarvuotos durys,,
"Alytaus r. sav., Simno m., Vanagėlio g., mūrinis namas",13 000 €,,"136,91 m²",53 a,1,1943,Mūrinis,Namas (gyvenamasis),"Elektra, kietu kuru",Šulinys,Kita,300,Asfaltuotas privažiavimasElektra,Garažas,Pastatyti naujus namus padėsprofesionalūs statybininkaiiš,Saulės elektrinė Jūsų namui ar butui:,,7,,,Ežeras,
"Alytus, Pirmas Alytus, Merkinės g., medinis namas",145 000 €,97,72 m²,"17,99 a",1,1963,Medinis,Namas (gyvenamasis),Kietu kuru,"Šulinys, vietinis vandentiekis",Įrengtas,300,Kraštinis sklypasGreta miškoAsfaltuotas privažiavimasElektra,GaražasŪkiniai pastatai,Įsikelti į naujus namus padėsperkraustymo profesionalaiiš,Saulės elektrinė Jūsų namui ar butui:,,,,,Upė,
"Alytaus r. sav., Bazorų k., Šiaurės g., mūrinis sodo namas",24 500 €,4,69 m²,6 a,1,2003,Mūrinis,Sodo namas,Kietu kuru,,Įrengtas,,,,Įsikelti į naujus namus padėsperkraustymo profesionalaiiš,Saulės elektrinė Jūsų namui ar butui:,,,,,,
"Alytaus k., Klevų g., mūrinis sodo namas",75 000 €,,73 m²,6 a,3,1991,Mūrinis,Sodo namas,Kietu kuru,Šulinys,Įrengtas,,Elektra,Ūkiniai pastatai,Įsikelti į naujus namus padėsperkraustymo profesionalaiiš,Saulės elektrinė Jūsų namui ar butui:,,,Skalbimo mašinaSu baldaisŠaldytuvasVirtuvės komplektasViryklėŽidinys,Aptverta teritorija,,
"Alytaus r. sav., Punios k., Kauno g., mūrinis namas",42 000 €,,"56,8 m²",38 a,1,1967,Mūrinis,Namas (gyvenamasis),Kietu kuru,Šulinys,Įrengtas,,Asfaltuotas privažiavimasElektra,GaražasŪkiniai pastatai,Įsikelti į naujus namus padėsperkraustymo profesionalaiiš,Saulės elektrinė Jūsų namui ar butui:,,,,,,
"Alytaus r. sav., Butrimonių mstl., Margirio g., rąstinis namas",36 000 €,,"58,48 m²",33 a,1,1927,Rąstinis,Namas (gyvenamasis),Kietu kuru,"Šulinys, vietinis vandentiekis",Kita,,Kraštinis sklypasAsfaltuotas privažiavimas,Ūkiniai pastatai,Pastatyti naujus namus padėsprofesionalūs statybininkaiiš,Saulės elektrinė Jūsų namui ar butui:,,,Su baldais,Aptverta teritorija,,
"Alytaus k., Druskininkų g., Namas (gyvenamasis)",86 000 €,,"228,52 m²","17,73 a",1,2008,Kita,Namas (gyvenamasis),"Kietu kuru, kita",,Nebaigtas statyti,,Asfaltuotas privažiavimasElektra,Garažas,Pastatyti naujus namus padėsprofesionalūs statybininkaiiš,Saulės elektrinė Jūsų namui ar butui:,,4,,,,
"Alytus, Pirmas Alytus, Audros g., mūrinis namas",109 999 €,17,197 m²,"8,5 a",2,"1971 statyba, 1984 renovacija",Mūrinis,Namas (gyvenamasis),Dujinis,Miesto vandentiekis,Įrengtas,1 500,Kraštinis sklypasGreta miškoElektraDujos,GaražasRūsysTerasa,Įsikelti į naujus namus padėsperkraustymo profesionalaiiš,Saulės elektrinė Jūsų namui ar butui:,,4,Su baldaisŠaldytuvasVirtuvės komplektasViryklėŽidinys,Aptverta teritorija,Upė,
"Alytaus r. sav., Genių k., Alytaus g., karkasinė sodyba",75 000 €,,70 m²,380 a,1,1964,Karkasinis,Sodyba,Kietu kuru,Šulinys,Kita,,Greta miškoElektra,GaražasŪkiniai pastatai,Pastatyti naujus namus padėsprofesionalūs statybininkaiiš,Saulės elektrinė Jūsų namui ar butui:,,,,,,
"Alytaus r. sav., Bugonių k., Bugonių g., mūrinis namas",55 000 €,17,150 m²,"55,36 a",2,1982,Mūrinis,Namas (gyvenamasis),Kietu kuru,"Šulinys, vietinis vandentiekis",Įrengtas,,Greta miškoElektraDujos,GaražasRūsysŪkiniai pastataiTerasa,Įsikelti į naujus namus padėsperkraustymo profesionalaiiš,Saulės elektrinė Jūsų namui ar butui:,,,Su baldaisŠaldytuvas,,,
"Alytaus k., Ramybės g., mūrinis sodo namas",28 999 €,25,68 m²,6 a,2,1975,Mūrinis,Sodo namas,Kietu kuru,Šulinys,Įrengtas,600,Elektra,Rūsys,Įsikelti į naujus namus padėsperkraustymo profesionalaiiš,Saulės elektrinė Jūsų namui ar butui:,,3,,,Upė,
"Alytaus r. sav., Fermos k., Alytaus g., mūrinis namas",85 999 €,21,80 m²,364 a,1,2020,Mūrinis,Namas (gyvenamasis),Kita,Kita,Dalinė apdaila,1 500,Greta miškoAsfaltuotas privažiavimas,RūbinėTerasa,Įsirengti naujus namus padėsinterjero dizaineriaiiš,Saulės elektrinė Jūsų namui ar butui:,,4,Šildomos grindysPlastikiniai vamzdžiai,,Upė,
