Adresas,Kaina,Namo numeris:,Plotas:,Sklypo plotas:,Kambarių sk.:,Aukštų sk.:,Metai:,Pastato tipas:,Namo tipas:,Šildymas:,Vanduo:,Įrengimas:,Reklama:,Artimiausias vandens telkinys:,Pastato energijos suvartojimo klasė:,Reklama/pasiūlymas:,Ypatybės:,Papildomos patalpos:,Papildoma įranga:,Apsauga:,Iki vandens telkinio (m):,Unikalus daikto numeris(RC numeris):
"Palanga, Vaivorykštės g., mūrinis sublokuotas namas",187 000 €,39,"98,28 m²",2 a,4,1,2023,Mūrinis,Sublokuotas namas,Aeroterminis,Miesto vandentiekis,Dalinė apdaila,Įsirengti naujus namus padėsinterjero dizaineriaiiš,Jūra,A++,Saulės elektrinė Jūsų namui ar butui:,Asfaltuotas privažiavimasElektra,Terasa,Šildomos grindysPlastikiniai vamzdžiai,Aptverta teritorija,,
"Palanga, Elijos g., karkasinis namas",140 000 €,9F,"63,5 m²","2,54 a",,2,2021,Karkasinis,Namas (gyvenamasis),Aeroterminis,,Dalinė apdaila,Įsirengti naujus namus padėsinterjero dizaineriaiiš,,,Saulės elektrinė Jūsų namui ar butui:,,,,,,
"Palanga, Vaivorykštės g., mūrinis sublokuotas namas",162 000 €,39,"84,85 m²",2 a,4,1,2023,Mūrinis,Sublokuotas namas,Aeroterminis,Miesto vandentiekis,Dalinė apdaila,Įsirengti naujus namus padėsinterjero dizaineriaiiš,Jūra,A++,Saulės elektrinė Jūsų namui ar butui:,Asfaltuotas privažiavimasElektra,Terasa,Šildomos grindysPlastikiniai vamzdžiai,Aptverta teritorija,,
"Palanga, Vaivorykštės g., mūrinis namas",199 000 €,39,"99,78 m²",3 a,4,1,2023,Mūrinis,Namas (gyvenamasis),Aeroterminis,Miesto vandentiekis,Dalinė apdaila,Įsirengti naujus namus padėsinterjero dizaineriaiiš,Jūra,A++,Saulės elektrinė Jūsų namui ar butui:,Asfaltuotas privažiavimasElektra,Terasa,Šildomos grindysPlastikiniai vamzdžiai,Aptverta teritorija,,
"Palanga, Smėlio tak., mūrinis namas",457 875 €,8,"92,5 m²",5 a,4,2,2023,Mūrinis,Namas (gyvenamasis),"Elektra, dujinis",Miesto vandentiekis,Įrengtas,Įsikelti į naujus namus padėsperkraustymo profesionalaiiš,Jūra,A+,Saulės elektrinė Jūsų namui ar butui:,Greta miškoAsfaltuotas privažiavimasElektraDujosInternetas,RūbinėTerasa,KondicionieriusSkalbimo mašinaSu baldaisŠaldytuvasŠildomos grindysVirtuvės komplektasViryklėPlastikiniai vamzdžiaiIndaplovėRekuperacinė sistema,Aptverta teritorijaSignalizacija,400,
"Palanga, Medvalakio g., mūrinis sublokuotas namas",188 937 €,,"89,97 m²","1,7 a",4,2,2025,Mūrinis,Sublokuotas namas,Centrinis kolektorinis,Miesto vandentiekis,Dalinė apdaila,Įsirengti naujus namus padėsinterjero dizaineriaiiš,Jūra,A++,Saulės elektrinė Jūsų namui ar butui:,Asfaltuotas privažiavimasElektraInternetas,Terasa,Plastikiniai vamzdžiaiRekuperacinė sistema,Aptverta teritorija,,
"Palanga, Plytų g., mūrinis namas",1 800 000 €,,615 m²,"8,13 a",15,4,2006,Mūrinis,Namas (gyvenamasis),Dujinis,Miesto vandentiekis,Įrengtas,Įsikelti į naujus namus padėsperkraustymo profesionalaiiš,Jūra,B,Saulės elektrinė Jūsų namui ar butui:,Greta miškoAsfaltuotas privažiavimasElektraDujosInternetasKabelinė televizija,BaseinasPirtisRūbinėRūsysTerasa,Skalbimo mašinaSu baldaisŠaldytuvasŠildomos grindysVirtuvės komplektasViryklėŽidinysPlastikiniai vamzdžiaiIndaplovėRekuperacinė sistema,Aptverta teritorijaSignalizacijaVaizdo kameros,900,
"Palanga, Kontininkų g., mūrinis sublokuotas namas",400 000 €,,94 m²,"3,5 a",4,2,2023,Mūrinis,Sublokuotas namas,Dujinis,Miesto vandentiekis,Įrengtas,Įsikelti į naujus namus padėsperkraustymo profesionalaiiš,Jūra,A++,Saulės elektrinė Jūsų namui ar butui:,Kraštinis sklypasGreta miškoAsfaltuotas privažiavimasElektraDujosInternetas,RūbinėTerasa,KondicionieriusSkalbimo mašinaSu baldaisŠaldytuvasŠildomos grindysVirtuvės komplektasViryklėPlastikiniai vamzdžiaiIndaplovėRekuperacinė sistema,Aptverta teritorijaSignalizacija,350,
"Palanga, Užkanavės g., mūrinis namas",949 000 €,60,462 m²,20 a,,3,2002,Mūrinis,Namas (gyvenamasis),"Dujinis, kietu kuru","Miesto vandentiekis, šulinys",Įrengtas,Įsikelti į naujus namus padėsperkraustymo profesionalaiiš,Jūra,,Saulės elektrinė Jūsų namui ar butui:,Greta miškoAsfaltuotas privažiavimasDujosInternetasKabelinė televizija,BaseinasPirtisRūbinėTerasa,KondicionieriusSkalbimo mašinaSu baldaisŠaldytuvasŠildomos grindysVirtuvės komplektasViryklėŽidinysPlastikiniai vamzdžiaiIndaplovė,Aptverta teritorijaSignalizacijaVaizdo kameros,200,
"Palanga, Palanga, Sakalo g., mūrinis sublokuotas namas",183 000 €,12,46 m²,"1,65 a",3,2,2024,Mūrinis,Sublokuotas namas,Aeroterminis,Miesto vandentiekis,Dalinė apdaila,Įsirengti naujus namus padėsinterjero dizaineriaiiš,Jūra,A++,Saulės elektrinė Jūsų namui ar butui:,Greta miškoElektraInternetas,,Šildomos grindys,Aptverta teritorija,350,
"Palanga, Pavasario g., mūrinis namas",350 000 €,10A,112 m²,"6,7 a",,1,2020,Mūrinis,Namas (gyvenamasis),"Elektra, dujinis",,Įrengtas,Įsikelti į naujus namus padėsperkraustymo profesionalaiiš,,,Saulės elektrinė Jūsų namui ar butui:,,,,,,
"Palanga, Palanga, Medvalakio g., mūrinis namas",289 000 €,,"263,68 m²","4,83 a",6,2,1995,Mūrinis,Namas (gyvenamasis),Dujinis,,Įrengtas,Įsikelti į naujus namus padėsperkraustymo profesionalaiiš,Jūra,,Saulės elektrinė Jūsų namui ar butui:,ElektraDujosInternetas,GaražasRūsys,,SignalizacijaVaizdo kameros,,
"Palanga, Kita (nukeliamas, projektas, kt.)",7 500 €,,18 m²,0 a,,1,2024,Kita,"Kita (nukeliamas, projektas, kt.)",Elektra,,Įrengtas,Įsikelti į naujus namus padėsperkraustymo profesionalaiiš,,,Saulės elektrinė Jūsų namui ar butui:,,,,,,
"Palanga, Putinų tak., mūrinis namas",282 000 €,,"217,32 m²","14,98 a",,2,2013,Mūrinis,Namas (gyvenamasis),Geoterminis,,Įrengtas,Įsikelti į naujus namus padėsperkraustymo profesionalaiiš,,,Saulės elektrinė Jūsų namui ar butui:,,,,,,
"Palanga, Akacijų g., mūrinis sublokuotas namas",159 000 €,,"67,85 m²","3,75 a",3,1,2024,Mūrinis,Sublokuotas namas,"Aeroterminis, saulės energija",Miesto vandentiekis,Dalinė apdaila,Įsirengti naujus namus padėsinterjero dizaineriaiiš,Jūra,A++,Saulės elektrinė Jūsų namui ar butui:,Kraštinis sklypasElektraInternetas,Terasa,Šildomos grindysRekuperacinė sistema,Aptverta teritorijaSignalizacija,1 000,
"Palanga, Kunigiškių g., mūrinis sublokuotas namas",337 000 €,,"78,4 m²","1,64 a",3,2,2023,Mūrinis,Sublokuotas namas,Dujinis,Miesto vandentiekis,Įrengtas,Įsikelti į naujus namus padėsperkraustymo profesionalaiiš,Jūra,A++,Saulės elektrinė Jūsų namui ar butui:,Elektra,Terasa,KondicionieriusSu baldaisŠaldytuvasŠildomos grindysVirtuvės komplektasViryklėPlastikiniai vamzdžiaiIndaplovėRekuperacinė sistema,Aptverta teritorijaSignalizacijaŠarvuotos durys,650,
"Palanga, Asiūklių g., mūrinis namas",174 999 €,18,80 m²,5 a,,1,2023,Mūrinis,Namas (gyvenamasis),Kita,,Dalinė apdaila,Įsirengti naujus namus padėsinterjero dizaineriaiiš,,,Saulės elektrinė Jūsų namui ar butui:,,,,,,
"Palanga, Bangų g., mūrinis namas",319 000 €,26,128 m²,5 a,5,2,2023,Mūrinis,Namas (gyvenamasis),"Elektra, dujinis, saulės energija",Miesto vandentiekis,Dalinė apdaila,Įsirengti naujus namus padėsinterjero dizaineriaiiš,,A+,Saulės elektrinė Jūsų namui ar butui:,Asfaltuotas privažiavimasElektraDujos,Terasa,,Aptverta teritorija,1 500,
"Palanga, Gudobelių g., mūrinis sublokuotas namas",405 000 €,13,"179,7 m²","7,5 a",4,2,2024,Mūrinis,Sublokuotas namas,Elektra,Miesto vandentiekis,Dalinė apdaila,Įsirengti naujus namus padėsinterjero dizaineriaiiš,Jūra,A++,Saulės elektrinė Jūsų namui ar butui:,Elektra,GaražasTerasa,,,800,
"Palanga, Medvalakio g., mūrinis sublokuotas namas",269 000 €,25A,"89,34 m²","1,79 a",4,2,2021,Mūrinis,Sublokuotas namas,Aeroterminis,Miesto vandentiekis,Įrengtas,Įsikelti į naujus namus padėsperkraustymo profesionalaiiš,Jūra,A+,Saulės elektrinė Jūsų namui ar butui:,Asfaltuotas privažiavimasElektra,Terasa,Su baldaisŠaldytuvasŠildomos grindysVirtuvės komplektasViryklėPlastikiniai vamzdžiaiIndaplovėRekuperacinė sistema,Aptverta teritorija,,
"Palanga, Palanga, S. Nėries g., mūrinis namas",750 000 €,24,150 m²,6 a,,2,"1957 statyba, 1996 renovacija",Mūrinis,Namas (gyvenamasis),Dujinis,,Įrengtas,Įsikelti į naujus namus padėsperkraustymo profesionalaiiš,,,Saulės elektrinė Jūsų namui ar butui:,,,,,,
"Palanga, Vaivorykštės g., mūrinis namas",348 000 €,67A,80 m²,"4,37 a",,1,2021,Mūrinis,Namas (gyvenamasis),"Elektra, dujinis",,Įrengtas,Įsikelti į naujus namus padėsperkraustymo profesionalaiiš,,,Saulės elektrinė Jūsų namui ar butui:,,,,,,
"Palanga, Saulėlydžio g., mūrinis namas",449 000 €,,"509,66 m²","9,5 a",,2,2016,Mūrinis,Namas (gyvenamasis),"Dujinis, kietu kuru, kita",,Įrengtas,Įsikelti į naujus namus padėsperkraustymo profesionalaiiš,,,Saulės elektrinė Jūsų namui ar butui:,,,,,,
"Palanga, Šventoji, Mokyklos g., mūrinis namas",425 000 €,,208 m²,"6,3 a",,2,2015,Mūrinis,Namas (gyvenamasis),Dujinis,,Įrengtas,Įsikelti į naujus namus padėsperkraustymo profesionalaiiš,,,Saulės elektrinė Jūsų namui ar butui:,,,,,,
"Palanga, Diemedžių tak., karkasinis namas",175 000 €,37,120 m²,"6,4 a",4,2,2012,Karkasinis,Namas (gyvenamasis),Dujinis,Miesto vandentiekis,Įrengtas,Įsikelti į naujus namus padėsperkraustymo profesionalaiiš,,C,Saulės elektrinė Jūsų namui ar butui:,Asfaltuotas privažiavimasElektraDujosInternetasKabelinė televizija,RūbinėŪkiniai pastataiTerasa,KondicionieriusSkalbimo mašinaSu baldaisŠaldytuvasŠildomos grindysVirtuvės komplektasViryklėŽidinysPlastikiniai vamzdžiaiIndaplovė,Aptverta teritorijaSignalizacijaŠarvuotos durys,,
"Palanga, Palanga, Plytų g., medinis namas",820 000 €,,280 m²,9 a,,2,"1958 statyba, 2015 renovacija",Medinis,Namas (gyvenamasis),"Dujinis, saulės energija",,Įrengtas,Įsikelti į naujus namus padėsperkraustymo profesionalaiiš,,,Saulės elektrinė Jūsų namui ar butui:,,,,,,
"Palanga, Šventoji, Žuvėdrų g., mūrinis sublokuotas namas",199 000 €,,90 m²,"1,1 a",,2,2013,Mūrinis,Sublokuotas namas,Dujinis,,Įrengtas,Įsikelti į naujus namus padėsperkraustymo profesionalaiiš,,,Saulės elektrinė Jūsų namui ar butui:,,,,,,
"Palanga, Palanga, Vakaro g., mūrinis sublokuotas namas",252 284 €,4F,"85,52 m²",5 a,3,1,2024,Mūrinis,Sublokuotas namas,"Elektra, saulės energija",Miesto vandentiekis,Įrengtas,Įsikelti į naujus namus padėsperkraustymo profesionalaiiš,Jūra,A++,Saulės elektrinė Jūsų namui ar butui:,Elektra,RūbinėTerasa,KondicionieriusŠildomos grindysPlastikiniai vamzdžiaiRekuperacinė sistema,Aptverta teritorijaSignalizacijaŠarvuotos durysVaizdo kameros,2 800,4400-5842-0085
"Palanga, Vilimiškės kel., mūrinis namas",220 000 €,95,"91,77 m²","4,95 a",3,2,2023,Mūrinis,Namas (gyvenamasis),Aeroterminis,Miesto vandentiekis,Dalinė apdaila,Įsirengti naujus namus padėsinterjero dizaineriaiiš,Jūra,A,Saulės elektrinė Jūsų namui ar butui:,Kraštinis sklypasElektra,,Šildomos grindysPlastikiniai vamzdžiai,Aptverta teritorija,2 000,
"Palanga, Maironio g., mūrinis namas",700 000 €,34,210 m²,"3,6 a",,3,1996,Mūrinis,Namas (gyvenamasis),Dujinis,Miesto vandentiekis,Įrengtas,Įsikelti į naujus namus padėsperkraustymo profesionalaiiš,,,Saulės elektrinė Jūsų namui ar butui:,ElektraDujosInternetasKabelinė televizija,BaseinasPirtisTerasa,Skalbimo mašinaSu baldaisŠaldytuvasVirtuvės komplektasViryklėŽidinys,Vaizdo kameros,,
"Palanga, Palanga, Asiūklių g., mūrinis namas",185 000 €,39,64 m²,6 a,3,1,2023,Mūrinis,Namas (gyvenamasis),Aeroterminis,Miesto vandentiekis,Įrengtas,Įsikelti į naujus namus padėsperkraustymo profesionalaiiš,Jūra,A+,Saulės elektrinė Jūsų namui ar butui:,Kraštinis sklypasGreta miškoElektra,Terasa,KondicionieriusSkalbimo mašinaSu baldaisŠaldytuvasŠildomos grindysVirtuvės komplektasViryklėPlastikiniai vamzdžiaiIndaplovėRekuperacinė sistema,Aptverta teritorijaSignalizacijaVaizdo kameros,1 000,
"Palanga, Karvelyno g., mūrinis namas",369 000 €,,125 m²,5 a,4,2,2023,Mūrinis,Namas (gyvenamasis),Aeroterminis,Miesto vandentiekis,Dalinė apdaila,Įsirengti naujus namus padėsinterjero dizaineriaiiš,Jūra,A+,Saulės elektrinė Jūsų namui ar butui:,ElektraInternetas,Terasa,KondicionieriusŠildomos grindysRekuperacinė sistema,Aptverta teritorijaSignalizacijaVaizdo kameros,,
"Palanga, Bartų g., mūrinis namas",550 000 €,14,333 m²,6 a,,2,2008,Mūrinis,Namas (gyvenamasis),"Centrinis, dujinis",,Įrengtas,Įsikelti į naujus namus padėsperkraustymo profesionalaiiš,,,Saulės elektrinė Jūsų namui ar butui:,,,,,,
"Palanga, Austrinio g., mūrinio namo dalis",121 000 €,51,"64,5 m²","4,8 a",,2,2023,Mūrinis,Namo dalis,Aeroterminis,Miesto vandentiekis,Dalinė apdaila,Įsirengti naujus namus padėsinterjero dizaineriaiiš,Jūra,A+,Saulės elektrinė Jūsų namui ar butui:,Elektra,,Plastikiniai vamzdžiai,Aptverta teritorija,2 500,
"Palanga, Miško tak., karkasinis namas",120 000 €,,"40,04 m²",1 a,,1,2023,Karkasinis,Namas (gyvenamasis),Aeroterminis,,Dalinė apdaila,Įsirengti naujus namus padėsinterjero dizaineriaiiš,,,Saulės elektrinė Jūsų namui ar butui:,,,,,,
"Palanga, Klaipėdos pl., blokinis namas",900 000 €,,"174,21 m²","5,2 a",4,2,2015,Blokinis,Namas (gyvenamasis),Dujinis,Miesto vandentiekis,Įrengtas,Įsikelti į naujus namus padėsperkraustymo profesionalaiiš,Jūra,,Saulės elektrinė Jūsų namui ar butui:,Asfaltuotas privažiavimasDujosInternetasKabelinė televizija,GaražasTerasa,KondicionieriusSkalbimo mašinaSu baldaisŠaldytuvasŠildomos grindysVirtuvės komplektasViryklėŽidinysIndaplovė,Aptverta teritorijaSignalizacija,700,
"Palanga, Vytauto g., mūrinis namas",590 000 €,8,176 m²,"4,86 a",,2,2012,Mūrinis,Namas (gyvenamasis),Dujinis,,Įrengtas,Įsikelti į naujus namus padėsperkraustymo profesionalaiiš,,,Saulės elektrinė Jūsų namui ar butui:,,,,,,
"Palanga, Šaltinio g., mūrinis namas",180 000 €,98,80 m²,10 a,,1,2019,Mūrinis,Namas (gyvenamasis),Geoterminis,,Įrengtas,Įsikelti į naujus namus padėsperkraustymo profesionalaiiš,,,Saulės elektrinė Jūsų namui ar butui:,,,,,,
"Palanga, Raudžio Kalno g., mūrinis namas",199 900 €,8,"71,75 m²",5 a,4,1,2023,Mūrinis,Namas (gyvenamasis),Aeroterminis,Miesto vandentiekis,Įrengtas,Įsikelti į naujus namus padėsperkraustymo profesionalaiiš,Jūra,A+,Saulės elektrinė Jūsų namui ar butui:,ElektraInternetas,RūbinėTerasa,Skalbimo mašinaSu baldaisŠaldytuvasŠildomos grindysVirtuvės komplektasViryklėŽidinysPlastikiniai vamzdžiaiIndaplovė,Aptverta teritorijaSignalizacijaŠarvuotos durys,2 500,
"Palanga, Aušros g., mūrinis sublokuotas namas",275 000 €,35,120 m²,4 a,5,2,2024,Mūrinis,Sublokuotas namas,Aeroterminis,,Įrengtas,Įsikelti į naujus namus padėsperkraustymo profesionalaiiš,,A+,Saulės elektrinė Jūsų namui ar butui:,ElektraDujosInternetasKabelinė televizijaAsfaltuotas privažiavimas,Terasa,Su baldais,Šarvuotos durys,,
"Palanga, Sedulų tak., mūrinis namas",290 000 €,37,"191,85 m²","5,72 a",,2,2019,Mūrinis,Namas (gyvenamasis),"Elektra, aeroterminis, kietu kuru, saulės energija",,Įrengtas,Įsikelti į naujus namus padėsperkraustymo profesionalaiiš,,,Saulės elektrinė Jūsų namui ar butui:,,,,,,
"Palanga, Palanga, Vaivorykštės g., mūrinis namas",125 000 €,,38 m²,"1,3 a",3,2,2021,Mūrinis,Namas (gyvenamasis),Kita,Miesto vandentiekis,Dalinė apdaila,Įsirengti naujus namus padėsinterjero dizaineriaiiš,,A++,Saulės elektrinė Jūsų namui ar butui:,,,Šildomos grindysPlastikiniai vamzdžiaiRekuperacinė sistema,,,
"Palanga, Palanga, mūrinis sublokuotas namas",350 000 €,,110 m²,3 a,4,2,2009,Mūrinis,Sublokuotas namas,Dujinis,,Įrengtas,Įsikelti į naujus namus padėsperkraustymo profesionalaiiš,,,Saulės elektrinė Jūsų namui ar butui:,,,,,,
"Palanga, Šventoji, Audronašų g., blokinis sublokuotas namas",175 990 €,3A,"96,39 m²","2,5 a",3,3,"2008 statyba, 2024 renovacija",Blokinis,Sublokuotas namas,Dujinis,Miesto vandentiekis,Įrengtas,Įsikelti į naujus namus padėsperkraustymo profesionalaiiš,Jūra,,Saulės elektrinė Jūsų namui ar butui:,Greta miškoElektraDujosInternetas,Terasa,Skalbimo mašinaSu baldaisŠaldytuvasŠildomos grindysVirtuvės komplektasViryklėPlastikiniai vamzdžiai,Aptverta teritorija,800,
"Palanga, Palanga, Kunigiškių g., blokinis sublokuotas namas",175 000 €,,"69,4 m²","1,5 a",,2,2023,Blokinis,Sublokuotas namas,"Elektra, dujinis",Miesto vandentiekis,Neįrengtas,Įsirengti naujus namus padėsinterjero dizaineriaiiš,,A++,Saulės elektrinė Jūsų namui ar butui:,Asfaltuotas privažiavimasElektraDujos,,,Aptverta teritorija,,
"Palanga, Šventoji, Žibų g., rąstinis namas",125 000 €,106,60 m²,0 a,3,2,2015,Rąstinis,Namas (gyvenamasis),Elektra,Miesto vandentiekis,Įrengtas,Įsikelti į naujus namus padėsperkraustymo profesionalaiiš,Upė,D,Saulės elektrinė Jūsų namui ar butui:,Kraštinis sklypasAsfaltuotas privažiavimasElektraInternetasKabelinė televizija,Terasa,Su baldaisŠaldytuvasVirtuvės komplektasViryklėPlastikiniai vamzdžiai,Aptverta teritorijaSignalizacijaVaizdo kameros,500,
"Palanga, Šventoji, Kalgraužių g., mūrinis namas",69 000 €,,110 m²,7 a,4,2,2000,Mūrinis,Namas (gyvenamasis),Kietu kuru,Šulinys,Įrengtas,Įsikelti į naujus namus padėsperkraustymo profesionalaiiš,Tvenkinys,C,Saulės elektrinė Jūsų namui ar butui:,Kraštinis sklypasGreta miškoAsfaltuotas privažiavimasElektraInternetas,GaražasRūsysŪkiniai pastataiTerasa,Su baldaisŠildomos grindysVirtuvės komplektasŽidinysPlastikiniai vamzdžiai,Aptverta teritorijaŠarvuotos durys,20,
"Palanga, Palanga, Kunigiškių g., mūrinis sublokuotas namas",225 000 €,,55 m²,"2,2 a",3,2,2018,Mūrinis,Sublokuotas namas,Dujinis,Miesto vandentiekis,Įrengtas,Įsikelti į naujus namus padėsperkraustymo profesionalaiiš,Jūra,,Saulės elektrinė Jūsų namui ar butui:,ElektraDujos,,Skalbimo mašinaSu baldaisŠaldytuvasŠildomos grindysVirtuvės komplektasViryklė,Aptverta teritorijaSignalizacija,400,
"Palanga, Plytų g., medinis namas",430 000 €,39,200 m²,9 a,,2,1970,Medinis,Namas (gyvenamasis),Dujinis,Miesto vandentiekis,Neįrengtas,Įsirengti naujus namus padėsinterjero dizaineriaiiš,,A,Saulės elektrinė Jūsų namui ar butui:,Kraštinis sklypasAsfaltuotas privažiavimasDujos,,,Aptverta teritorija,,
"Palanga, Monciškės g., mūrinis namas",295 000 €,8B,92 m²,"3,5 a",4,2,2023,Mūrinis,Namas (gyvenamasis),Elektra,Miesto vandentiekis,Įrengtas,Įsikelti į naujus namus padėsperkraustymo profesionalaiiš,Jūra,A++,Saulės elektrinė Jūsų namui ar butui:,Asfaltuotas privažiavimasElektraInternetas,Terasa,KondicionieriusSkalbimo mašinaSu baldaisŠildomos grindysVirtuvės komplektasViryklėPlastikiniai vamzdžiaiIndaplovėRekuperacinė sistema,Aptverta teritorijaSignalizacija,600,
"Palanga, Serbentų 5-asis tak., Kita (nukeliamas, projektas, kt.)",64 000 €,4,60 m²,20 a,,1,"2005 statyba, 2015 renovacija",Kita,"Kita (nukeliamas, projektas, kt.)",Elektra,,Įrengtas,Įsikelti į naujus namus padėsperkraustymo profesionalaiiš,,,Saulės elektrinė Jūsų namui ar butui:,,,,,,
"Palanga, Monciškės g., karkasinis kita",190 000 €,55,120 m²,4 a,4,2,2021,Karkasinis,"Kita (nukeliamas, projektas, kt.)",Elektra,Miesto vandentiekis,Įrengtas,Įsikelti į naujus namus padėsperkraustymo profesionalaiiš,Jūra,B,Saulės elektrinė Jūsų namui ar butui:,Kraštinis sklypasGreta miškoAsfaltuotas privažiavimasElektraInternetasKabelinė televizija,RūbinėŪkiniai pastatai,KondicionieriusSkalbimo mašinaSu baldaisŠaldytuvasŠildomos grindysVirtuvės komplektasViryklėIndaplovė,SignalizacijaŠarvuotos durys,2 000,4400-5582-3131
"Palanga, Palanga, Vakaro g., mūrinis sublokuotas namas",213 800 €,4G,"85,52 m²",5 a,3,1,2025,Mūrinis,Sublokuotas namas,"Elektra, saulės energija",Miesto vandentiekis,Dalinė apdaila,Įsirengti naujus namus padėsinterjero dizaineriaiiš,Jūra,,Saulės elektrinė Jūsų namui ar butui:,Elektra,Terasa,KondicionieriusŠildomos grindysPlastikiniai vamzdžiaiRekuperacinė sistema,Aptverta teritorijaSignalizacijaŠarvuotos durys,,
"Palanga, Palanga, Žiogupio g., monolitinis namas",558 800 €,22,254 m²,9 a,10,2,2016,Monolitinis,Namas (gyvenamasis),"Aeroterminis, dujinis, kietu kuru",,Įrengtas,Įsikelti į naujus namus padėsperkraustymo profesionalaiiš,,B,Saulės elektrinė Jūsų namui ar butui:,ElektraDujosKraštinis sklypasGreta miško,TerasaPirtisRūbinėŪkiniai pastataiGaražas,ŽidinysŠildomos grindysSu baldaisPlastikiniai vamzdžiaiKondicionieriusSkalbimo mašinaŠaldytuvasVirtuvės komplektasViryklėIndaplovė,SignalizacijaVaizdo kamerosAptverta teritorija,,
"Palanga, Tremtinių g., mūrinis namas",820 000 €,,"374,86 m²","18,35 a",,2,2008,Mūrinis,Namas (gyvenamasis),Geoterminis,,Įrengtas,Įsikelti į naujus namus padėsperkraustymo profesionalaiiš,,,Saulės elektrinė Jūsų namui ar butui:,,,,,,
"Palanga, Aido tak., mūrinis namas",255 000 €,38,68 m²,5 a,3,2,2024,Mūrinis,Namas (gyvenamasis),"Elektra, saulės energija",Miesto vandentiekis,Įrengtas,Įsikelti į naujus namus padėsperkraustymo profesionalaiiš,Jūra,A++,Saulės elektrinė Jūsų namui ar butui:,,Terasa,,,600,4400-0573-4999
"Palanga, Aido tak., mūrinis sublokuotas namas",169 000 €,,40 m²,2 a,3,1,2021,Mūrinis,Sublokuotas namas,Elektra,,Įrengtas,Įsikelti į naujus namus padėsperkraustymo profesionalaiiš,Jūra,,Saulės elektrinė Jūsų namui ar butui:,Asfaltuotas privažiavimasInternetas,Terasa,KondicionieriusSkalbimo mašinaSu baldaisŠaldytuvasŠildomos grindysVirtuvės komplektasViryklė,Aptverta teritorijaSignalizacijaVaizdo kameros,500,
"Palanga, Šventoji, Kalgraužių g., mūrinis sodo namas",135 000 €,,80 m²,6 a,,1,2022,Mūrinis,Sodo namas,Kita,,Įrengtas,Įsikelti į naujus namus padėsperkraustymo profesionalaiiš,,,Saulės elektrinė Jūsų namui ar butui:,,,,,,
"Palanga, Gėlių a., mūrinis namas",800 000 €,9,"313,5 m²","6,1 a",,2,1957,Mūrinis,Namas (gyvenamasis),"Dujinis, kietu kuru",Miesto vandentiekis,Įrengtas,Įsikelti į naujus namus padėsperkraustymo profesionalaiiš,Jūra,,Saulės elektrinė Jūsų namui ar butui:,,,,,500,
"Palanga, Lydekų g., mūrinis sublokuotas namas",199 999 €,,69 m²,"2,5 a",,2,2023,Mūrinis,Sublokuotas namas,Aeroterminis,Miesto vandentiekis,Įrengtas,Įsikelti į naujus namus padėsperkraustymo profesionalaiiš,,A++,Saulės elektrinė Jūsų namui ar butui:,Asfaltuotas privažiavimasElektra,RūbinėTerasa,Skalbimo mašinaSu baldaisŠaldytuvasŠildomos grindysVirtuvės komplektasViryklėPlastikiniai vamzdžiaiIndaplovėRekuperacinė sistema,Šarvuotos durys,,
"Palanga, Paliepgirių kel., mūrinis namas",529 999 €,7B,300 m²,"5,4 a",,2,"1991 statyba, 2020 renovacija",Mūrinis,Namas (gyvenamasis),"Centrinis, dujinis",,Įrengtas,Įsikelti į naujus namus padėsperkraustymo profesionalaiiš,,,Saulės elektrinė Jūsų namui ar butui:,,,,,,
"Palanga, Palanga, Vaivorykštės g., mūrinis namas",370 000 €,,78 m²,6 a,4,1,2017,Mūrinis,Namas (gyvenamasis),Dujinis,Miesto vandentiekis,Įrengtas,Įsikelti į naujus namus padėsperkraustymo profesionalaiiš,Jūra,,Saulės elektrinė Jūsų namui ar butui:,Kraštinis sklypasAsfaltuotas privažiavimasDujosInternetas,GaražasRūbinėTerasa,KondicionieriusSkalbimo mašinaSu baldaisŠaldytuvasŠildomos grindysVirtuvės komplektasViryklėIndaplovė,Aptverta teritorijaSignalizacijaŠarvuotos durys,,
"Palanga, Palanga, Eglių g., mūrinis sublokuotas namas",350 000 €,,"69,43 m²","1,74 a",3,2,2022,Mūrinis,Sublokuotas namas,"Aeroterminis, saulės energija",Miesto vandentiekis,Įrengtas,Įsikelti į naujus namus padėsperkraustymo profesionalaiiš,Jūra,A+,Saulės elektrinė Jūsų namui ar butui:,Greta miškoAsfaltuotas privažiavimasElektraInternetas,Terasa,Skalbimo mašinaSu baldaisŠaldytuvasŠildomos grindysVirtuvės komplektasViryklėIndaplovėRekuperacinė sistema,Aptverta teritorijaSignalizacija,600,
"Palanga, Šventoji, Žemuogių tak., rąstinis namas",133 000 €,21,68 m²,6 a,4,2,2007,Rąstinis,Namas (gyvenamasis),Kietu kuru,,Įrengtas,Įsikelti į naujus namus padėsperkraustymo profesionalaiiš,Upė,,Saulės elektrinė Jūsų namui ar butui:,Greta miško,Rūsys,Skalbimo mašinaSu baldaisŠaldytuvas,Aptverta teritorija,200,
"Palanga, Palanga, Vaivorykštės g., mūrinis namas",289 000 €,61E,67 m²,15 a,3,2,2020,Mūrinis,Namas (gyvenamasis),Elektra,Miesto vandentiekis,Įrengtas,Įsikelti į naujus namus padėsperkraustymo profesionalaiiš,Jūra,A++,Saulės elektrinė Jūsų namui ar butui:,Kraštinis sklypasGreta miškoAsfaltuotas privažiavimasElektraInternetas,BaseinasPirtisTerasa,KondicionieriusSkalbimo mašinaSu baldaisŠaldytuvasVirtuvės komplektasViryklėPlastikiniai vamzdžiaiIndaplovėRekuperacinė sistema,Aptverta teritorijaSignalizacija,600,4400-5281-9968
"Palanga, Šventoji, Kalgraužių g., mūrinis namas",120 000 €,,"82,35 m²",6 a,,2,2016,Mūrinis,Namas (gyvenamasis),Kietu kuru,,Įrengtas,Įsikelti į naujus namus padėsperkraustymo profesionalaiiš,,,Saulės elektrinė Jūsų namui ar butui:,,,,,,
"Palanga, Šventoji, Kuršių tak., karkasinis namas",227 000 €,20A,77 m²,4 a,4,2,2023,Karkasinis,Namas (gyvenamasis),Elektra,Miesto vandentiekis,Įrengtas,Įsikelti į naujus namus padėsperkraustymo profesionalaiiš,Jūra,A+,Saulės elektrinė Jūsų namui ar butui:,Greta miškoElektra,Terasa,KondicionieriusSkalbimo mašinaSu baldaisŠaldytuvasŠildomos grindysVirtuvės komplektasViryklėPlastikiniai vamzdžiaiIndaplovėRekuperacinė sistema,,280,
"Palanga, Palanga, Neringos g., mūrinis namas",620 000 €,8,"323,92 m²",4 a,,3,1959,Mūrinis,Namas (gyvenamasis),"Elektra, kietu kuru",,Įrengtas,Įsikelti į naujus namus padėsperkraustymo profesionalaiiš,,,Saulės elektrinė Jūsų namui ar butui:,ElektraAsfaltuotas privažiavimasGreta miško,Ūkiniai pastataiRūsys,Su baldaisPlastikiniai vamzdžiaiSkalbimo mašinaŠaldytuvasVirtuvės komplektasViryklė,Aptverta teritorija,,
"Palanga, Šventoji, Elijos g., medinis sodo namas",6 100 €,,12 m²,1 a,,1,2021,Medinis,Sodo namas,Elektra,,Įrengtas,Įsikelti į naujus namus padėsperkraustymo profesionalaiiš,,,Saulės elektrinė Jūsų namui ar butui:,,,,,,
"Palanga, Palanga, Klaipėdos pl., mūrinis kita",149 900 €,59D,80 m²,1 a,3,2,2001,Mūrinis,"Kita (nukeliamas, projektas, kt.)","Aeroterminis, elektra, kietu kuru",,Įrengtas,Įsikelti į naujus namus padėsperkraustymo profesionalaiiš,,B,Saulės elektrinė Jūsų namui ar butui:,InternetasElektraAsfaltuotas privažiavimasGreta miško,TerasaRūbinėRūsys,Šildomos grindysSu baldaisPlastikiniai vamzdžiaiKondicionieriusŠaldytuvasVirtuvės komplektasViryklėIndaplovė,,,
"Palanga, Vaivorykštės g., medinė sodyba",130 000 €,,75 m²,"22,8 a",,1,1910,Medinis,Sodyba,Kietu kuru,,Kita,Pastatyti naujus namus padėsprofesionalūs statybininkaiiš,,,Saulės elektrinė Jūsų namui ar butui:,,,,,,
"Palanga, Vakaro g., mūrinis namas",219 000 €,,"60,75 m²","1,19 a",2,2,2022,Mūrinis,Namas (gyvenamasis),Dujinis,Miesto vandentiekis,Įrengtas,Įsikelti į naujus namus padėsperkraustymo profesionalaiiš,Jūra,A+,Saulės elektrinė Jūsų namui ar butui:,ElektraDujosInternetas,Ūkiniai pastataiTerasa,Skalbimo mašinaSu baldaisŠaldytuvasŠildomos grindysVirtuvės komplektasViryklėPlastikiniai vamzdžiaiIndaplovė,Aptverta teritorijaSignalizacijaŠarvuotos durysVaizdo kameros,,
"Palanga, Vaivorykštės g., mūrinis namas",139 000 €,57,76 m²,4 a,,1,2023,Mūrinis,Namas (gyvenamasis),"Elektra, aeroterminis",,Dalinė apdaila,Įsirengti naujus namus padėsinterjero dizaineriaiiš,,,Saulės elektrinė Jūsų namui ar butui:,,,,,,
"Palanga, Palanga, Vilimiškės kel., medinis namas",198 000 €,,"125,9 m²","11,48 a",5,1,2018,Medinis,Namas (gyvenamasis),Kietu kuru,,Įrengtas,Įsikelti į naujus namus padėsperkraustymo profesionalaiiš,,A+,Saulės elektrinė Jūsų namui ar butui:,,,,,,
"Palanga, Šventoji, Audronašų g., skydinė sodyba",397 000 €,,"251,75 m²","13,19 a",,1,2017,Skydinis,Sodyba,Kita,Miesto vandentiekis,Įrengtas,Įsikelti į naujus namus padėsperkraustymo profesionalaiiš,Jūra,,Saulės elektrinė Jūsų namui ar butui:,Elektra,Terasa,KondicionieriusSu baldaisVirtuvės komplektas,Aptverta teritorija,,
"Palanga, Aušros g., mūrinis namas",280 000 €,33,120 m²,4 a,5,2,2024,Mūrinis,Namas (gyvenamasis),Aeroterminis,,Įrengtas,Įsikelti į naujus namus padėsperkraustymo profesionalaiiš,,A+,Saulės elektrinė Jūsų namui ar butui:,ElektraDujosInternetasKabelinė televizijaAsfaltuotas privažiavimas,Terasa,KondicionieriusSu baldais,SignalizacijaŠarvuotos durys,,
"Palanga, Hipodromo g., mūrinis namas",349 000 €,13,110 m²,5 a,3,2,2021,Mūrinis,Namas (gyvenamasis),Aeroterminis,Miesto vandentiekis,Įrengtas,Įsikelti į naujus namus padėsperkraustymo profesionalaiiš,,A+,Saulės elektrinė Jūsų namui ar butui:,Kraštinis sklypasAsfaltuotas privažiavimasInternetas,Terasa,KondicionieriusSu baldaisRekuperacinė sistema,Aptverta teritorijaSignalizacija,,
"Palanga, Palanga, Vaivorykštės g., mūrinis namas",225 000 €,64H,90 m²,3 a,,2,2023,Mūrinis,Namas (gyvenamasis),Dujinis,,Dalinė apdaila,Įsirengti naujus namus padėsinterjero dizaineriaiiš,,,Saulės elektrinė Jūsų namui ar butui:,,,,,,
"Palanga, Palanga, Jūratės g., mūrinis namas",780 000 €,,285 m²,10 a,,3,2015,Mūrinis,Namas (gyvenamasis),Dujinis,,Įrengtas,Įsikelti į naujus namus padėsperkraustymo profesionalaiiš,,,Saulės elektrinė Jūsų namui ar butui:,,,,,,
"Palanga, Gabijos g., mūrinis sublokuotas namas",245 000 €,4,146 m²,"1,4 a",4,2,2008,Mūrinis,Sublokuotas namas,Aeroterminis,Miesto vandentiekis,Įrengtas,Įsikelti į naujus namus padėsperkraustymo profesionalaiiš,Jūra,,Saulės elektrinė Jūsų namui ar butui:,InternetasKabelinė televizija,,Su baldais,Signalizacija,,
"Palanga, Kontininkų g., mūrinis namas",161 500 €,,37 m²,"0,15 a",3,2,2019,Mūrinis,Namas (gyvenamasis),Dujinis,Miesto vandentiekis,Įrengtas,Įsikelti į naujus namus padėsperkraustymo profesionalaiiš,Jūra,,Saulės elektrinė Jūsų namui ar butui:,Greta miškoAsfaltuotas privažiavimasInternetasKabelinė televizija,BaseinasPirtisTerasa,Su baldais,Aptverta teritorijaSignalizacijaVaizdo kameros,500,
"Palanga, Vilimiškės kel., mūrinis namas",245 000 €,60A,144 m²,10 a,4,1,2023,Mūrinis,Namas (gyvenamasis),Aeroterminis,"Miesto vandentiekis, šulinys",Dalinė apdaila,Įsirengti naujus namus padėsinterjero dizaineriaiiš,,A+,Saulės elektrinė Jūsų namui ar butui:,Asfaltuotas privažiavimasElektraDujos,Terasa,Šildomos grindysRekuperacinė sistema,,,
"Palanga, Palanga, Griaustinio g., mūrinis namas",349 000 €,7,"76,8 m²","7,11 a",4,1,2017,Mūrinis,Namas (gyvenamasis),Dujinis,Miesto vandentiekis,Įrengtas,Įsikelti į naujus namus padėsperkraustymo profesionalaiiš,Jūra,,Saulės elektrinė Jūsų namui ar butui:,,Ūkiniai pastataiTerasa,KondicionieriusSkalbimo mašinaSu baldaisŠaldytuvasŠildomos grindysVirtuvės komplektasViryklėŽidinysIndaplovė,Aptverta teritorijaSignalizacija,800,
"Palanga, Neringos g., mūrinis namas",1 200 000 €,6,497 m²,"10,35 a",,3,1997,Mūrinis,Namas (gyvenamasis),Dujinis,Miesto vandentiekis,Įrengtas,Įsikelti į naujus namus padėsperkraustymo profesionalaiiš,Jūra,,Saulės elektrinė Jūsų namui ar butui:,Greta miškoAsfaltuotas privažiavimasElektraDujosInternetasKabelinė televizija,GaražasRūsysTerasa,,Aptverta teritorijaSignalizacija,,
"Palanga, Kontininkų g., mūrinis sublokuotas namas",154 900 €,5A,"32,02 m²",2 a,,2,2019,Mūrinis,Sublokuotas namas,Dujinis,,Įrengtas,Įsikelti į naujus namus padėsperkraustymo profesionalaiiš,,,Saulės elektrinė Jūsų namui ar butui:,,,,,,
"Palanga, Vingio g., medinis namas",628 000 €,21,"411,5 m²",24 a,,2,2015,Medinis,Namas (gyvenamasis),Kita,,Įrengtas,Įsikelti į naujus namus padėsperkraustymo profesionalaiiš,,,Saulės elektrinė Jūsų namui ar butui:,,,,,,
"Palanga, Austėjos g., mūrinis sublokuotas namas",256 800 €,11A,107 m²,7 a,,2,2024,Mūrinis,Sublokuotas namas,Aeroterminis,,Dalinė apdaila,Įsirengti naujus namus padėsinterjero dizaineriaiiš,,,Saulės elektrinė Jūsų namui ar butui:,,,,,,
"Palanga, Bruknių tak., karkasinis sodo namas",109 900 €,,103 m²,6 a,,2,2004,Karkasinis,Sodo namas,Kietu kuru,,Įrengtas,Įsikelti į naujus namus padėsperkraustymo profesionalaiiš,,,Saulės elektrinė Jūsų namui ar butui:,,,,,,
"Palanga, Užkanavės g., mūrinis namas",520 000 €,,138 m²,"4,22 a",5,2,2016,Mūrinis,Namas (gyvenamasis),Dujinis,Miesto vandentiekis,Įrengtas,Įsikelti į naujus namus padėsperkraustymo profesionalaiiš,Jūra,,Saulės elektrinė Jūsų namui ar butui:,Greta miškoAsfaltuotas privažiavimasElektraDujosInternetas,GaražasPirtisTerasa,KondicionieriusSkalbimo mašinaSu baldaisŠaldytuvasŠildomos grindysVirtuvės komplektasViryklėŽidinysIndaplovė,Aptverta teritorija,,
"Palanga, Šventoji, Šventosios g., mūrinis sublokuotas namas",169 650 €,34,"78,18 m²","1,18 a",3,2,2022,Mūrinis,Sublokuotas namas,Dujinis,Miesto vandentiekis,Įrengtas,Įsikelti į naujus namus padėsperkraustymo profesionalaiiš,Jūra,A+,Saulės elektrinė Jūsų namui ar butui:,Greta miškoAsfaltuotas privažiavimasElektraDujos,Ūkiniai pastataiTerasa,Šildomos grindysRekuperacinė sistema,,1 200,
"Palanga, Vaivorykštės g., mūrinis sublokuotas namas",179 000 €,51,50 m²,"0,8 a",3,2,2023,Mūrinis,Sublokuotas namas,Elektra,Miesto vandentiekis,Įrengtas,Įsikelti į naujus namus padėsperkraustymo profesionalaiiš,Jūra,,Saulės elektrinė Jūsų namui ar butui:,Asfaltuotas privažiavimasElektra,Terasa,KondicionieriusSkalbimo mašinaSu baldaisŠaldytuvasŠildomos grindysVirtuvės komplektasViryklėPlastikiniai vamzdžiaiIndaplovėRekuperacinė sistema,Aptverta teritorijaSignalizacija,850,
"Palanga, Šventoji, Ošupio tak., karkasinis namas",169 650 €,1I,"38,89 m²","1,73 a",2,2,2016,Karkasinis,Namas (gyvenamasis),Elektra,Miesto vandentiekis,Įrengtas,Įsikelti į naujus namus padėsperkraustymo profesionalaiiš,Jūra,,Saulės elektrinė Jūsų namui ar butui:,Asfaltuotas privažiavimasElektraInternetasKabelinė televizija,RūsysTerasa,KondicionieriusSkalbimo mašinaSu baldaisŠaldytuvasVirtuvės komplektasViryklėPlastikiniai vamzdžiai,,500,
"Palanga, Šventoji, Mokyklos g., mūrinis sublokuotas namas",249 000 €,,"129,15 m²","2,5 a",3,2,2019,Mūrinis,Sublokuotas namas,Dujinis,Miesto vandentiekis,Įrengtas,Įsikelti į naujus namus padėsperkraustymo profesionalaiiš,,,Saulės elektrinė Jūsų namui ar butui:,Kraštinis sklypasAsfaltuotas privažiavimasElektraDujos,GaražasTerasa,Skalbimo mašinaSu baldaisŠaldytuvasVirtuvės komplektasViryklėŽidinys,Aptverta teritorijaSignalizacijaŠarvuotos durys,,
"Palanga, Aido tak., mūrinis sublokuotas namas",125 900 €,,39 m²,2 a,3,1,2021,Mūrinis,Sublokuotas namas,Elektra,Miesto vandentiekis,Dalinė apdaila,Įsirengti naujus namus padėsinterjero dizaineriaiiš,,,Saulės elektrinė Jūsų namui ar butui:,Asfaltuotas privažiavimasElektra,BaseinasTerasa,Šildomos grindys,Aptverta teritorijaSignalizacijaŠarvuotos durys,,
"Palanga, Palanga, Kurorto g., karkasinis sublokuotas namas",232 000 €,,"101,97 m²",5 a,4,1,2021,Karkasinis,Sublokuotas namas,Aeroterminis,Miesto vandentiekis,Įrengtas,Įsikelti į naujus namus padėsperkraustymo profesionalaiiš,,,Saulės elektrinė Jūsų namui ar butui:,,GaražasTerasa,Šildomos grindysRekuperacinė sistema,Aptverta teritorija,,
"Palanga, Vaivorykštės g., karkasinis namas",329 000 €,,123 m²,7 a,,1,2018,Karkasinis,Namas (gyvenamasis),"Dujinis, kietu kuru",,Įrengtas,Įsikelti į naujus namus padėsperkraustymo profesionalaiiš,,,Saulės elektrinė Jūsų namui ar butui:,Greta miškoInternetasKabelinė televizija,PirtisRūbinėRūsysTerasa,Skalbimo mašinaSu baldaisŠaldytuvasŠildomos grindysVirtuvės komplektasViryklėŽidinysIndaplovėRekuperacinė sistema,Aptverta teritorijaSignalizacija,,
"Palanga, Vingio g., mūrinis namas",298 900 €,,71 m²,"7,5 a",,1,2021,Mūrinis,Namas (gyvenamasis),Dujinis,,Įrengtas,Įsikelti į naujus namus padėsperkraustymo profesionalaiiš,,,Saulės elektrinė Jūsų namui ar butui:,,,,,,
"Palanga, Kurorto g., karkasinis sublokuotas namas",189 000 €,57A,"101,97 m²",5 a,4,1,2021,Karkasinis,Sublokuotas namas,Aeroterminis,Miesto vandentiekis,Dalinė apdaila,Įsirengti naujus namus padėsinterjero dizaineriaiiš,,,Saulės elektrinė Jūsų namui ar butui:,,GaražasTerasa,Šildomos grindysRekuperacinė sistema,Aptverta teritorija,,
"Palanga, Šventoji, Žibų g., karkasinis namas",54 000 €,108,20 m²,"13,2 a",,1,2023,Karkasinis,Namas (gyvenamasis),"Elektra, kietu kuru, saulės energija, kita",,Dalinė apdaila,Įsirengti naujus namus padėsinterjero dizaineriaiiš,,,Saulės elektrinė Jūsų namui ar butui:,,,,,,
"Palanga, Vaivorykštės g., mūrinis sublokuotas namas",225 000 €,61,39 m²,2 a,2,1,2021,Mūrinis,Sublokuotas namas,Elektra,Miesto vandentiekis,Įrengtas,Įsikelti į naujus namus padėsperkraustymo profesionalaiiš,,A+,Saulės elektrinė Jūsų namui ar butui:,Asfaltuotas privažiavimasInternetas,BaseinasTerasa,KondicionieriusSu baldaisŠaldytuvasVirtuvės komplektasViryklėIndaplovėRekuperacinė sistema,Aptverta teritorijaSignalizacija,,
"Palanga, Palanga, Aido tak., mūrinis sublokuotas namas",219 000 €,10B,60 m²,3 a,3,2,2020,Mūrinis,Sublokuotas namas,Dujinis,Miesto vandentiekis,Įrengtas,Įsikelti į naujus namus padėsperkraustymo profesionalaiiš,Jūra,A+,Saulės elektrinė Jūsų namui ar butui:,Kraštinis sklypasGreta miškoAsfaltuotas privažiavimasElektraDujosInternetas,Terasa,Skalbimo mašinaSu baldaisŠaldytuvasŠildomos grindysVirtuvės komplektasViryklėIndaplovėRekuperacinė sistema,Aptverta teritorijaSignalizacijaŠarvuotos durys,600,
"Palanga, Jūros g., mūrinis namas",2 295 000 €,,478 m²,20 a,9,3,"2016 statyba, 2022 renovacija",Mūrinis,Namas (gyvenamasis),Dujinis,,Įrengtas,Įsikelti į naujus namus padėsperkraustymo profesionalaiiš,,,Saulės elektrinė Jūsų namui ar butui:,Asfaltuotas privažiavimas,Garažas,Su baldais,Signalizacija,,
"Palanga, Mėtų skg., mūrinis namas",480 000 €,,"266,1 m²",4 a,,2,"1994 statyba, 1999 renovacija",Mūrinis,Namas (gyvenamasis),Dujinis,,Įrengtas,Įsikelti į naujus namus padėsperkraustymo profesionalaiiš,,,Saulės elektrinė Jūsų namui ar butui:,,,,,,
"Palanga, Vaivorykštės g., karkasinis sublokuotas namas",225 000 €,,"90,92 m²","2,5 a",3,2,2021,Karkasinis,Sublokuotas namas,Aeroterminis,Miesto vandentiekis,Įrengtas,Įsikelti į naujus namus padėsperkraustymo profesionalaiiš,Jūra,A+,Saulės elektrinė Jūsų namui ar butui:,Asfaltuotas privažiavimas,Terasa,Šildomos grindysVirtuvės komplektasRekuperacinė sistema,Aptverta teritorijaSignalizacijaŠarvuotos durys,750,
"Palanga, Bijūnų tak., mūrinis namas",259 500 €,,"169,68 m²","6,5 a",6,2,2014,Mūrinis,Namas (gyvenamasis),Dujinis,Miesto vandentiekis,Įrengtas,Įsikelti į naujus namus padėsperkraustymo profesionalaiiš,,,Saulės elektrinė Jūsų namui ar butui:,Asfaltuotas privažiavimas,RūbinėTerasa,Šildomos grindys,Aptverta teritorijaVaizdo kameros,,
"Palanga, Jotvingių g., mūrinis sublokuotas namas",209 000 €,4,78 m²,2 a,4,2,2017,Mūrinis,Sublokuotas namas,Dujinis,Miesto vandentiekis,Įrengtas,Įsikelti į naujus namus padėsperkraustymo profesionalaiiš,Jūra,,Saulės elektrinė Jūsų namui ar butui:,Greta miškoElektraDujosInternetas,GaražasTerasa,KondicionieriusSkalbimo mašinaSu baldaisŠaldytuvasŠildomos grindysVirtuvės komplektasViryklė,Signalizacija,,
"Palanga, Vanagupės g., mūrinis namas",1 600 000 €,29B,280 m²,10 a,8,2,2008,Mūrinis,Namas (gyvenamasis),Dujinis,Miesto vandentiekis,Įrengtas,Įsikelti į naujus namus padėsperkraustymo profesionalaiiš,,,Saulės elektrinė Jūsų namui ar butui:,Greta miškoAsfaltuotas privažiavimasElektraDujosInternetasKabelinė televizija,GaražasRūbinėRūsysTerasa,Su baldaisŠaldytuvasVirtuvės komplektasViryklėIndaplovė,Aptverta teritorijaSignalizacija,,
"Palanga, Palanga, Klaipėdos pl., mūrinis sublokuotas namas",206 000 €,4N,"61,8 m²","1,22 a",3,2,2023,Mūrinis,Sublokuotas namas,Aeroterminis,Miesto vandentiekis,Įrengtas,Įsikelti į naujus namus padėsperkraustymo profesionalaiiš,Jūra,A++,Saulės elektrinė Jūsų namui ar butui:,Greta miškoElektra,,KondicionieriusŠildomos grindysRekuperacinė sistema,,600,
"Palanga, Kontininkų g., monolitinis namas",520 000 €,,95 m²,7 a,4,2,2023,Monolitinis,Namas (gyvenamasis),Dujinis,Miesto vandentiekis,Įrengtas,Įsikelti į naujus namus padėsperkraustymo profesionalaiiš,Jūra,,Saulės elektrinė Jūsų namui ar butui:,Kraštinis sklypasGreta miškoAsfaltuotas privažiavimasElektraDujosInternetasKabelinė televizija,Rūbinė,KondicionieriusSkalbimo mašinaSu baldaisŠaldytuvasŠildomos grindysVirtuvės komplektasViryklėPlastikiniai vamzdžiaiIndaplovėRekuperacinė sistema,Signalizacija,900,
"Palanga, Vingio g., mūrinis namas",330 000 €,,"71,34 m²",3 a,,2,2018,Mūrinis,Namas (gyvenamasis),Dujinis,,Įrengtas,Įsikelti į naujus namus padėsperkraustymo profesionalaiiš,,,Saulės elektrinė Jūsų namui ar butui:,,,,,,
"Palanga, Kurorto g., mūrinis namas",250 000 €,41C,149 m²,"13,35 a",4,1,2021,Mūrinis,Namas (gyvenamasis),Aeroterminis,"Miesto vandentiekis, šulinys",Įrengtas,Įsikelti į naujus namus padėsperkraustymo profesionalaiiš,Upė,A+,Saulės elektrinė Jūsų namui ar butui:,Kraštinis sklypasElektraInternetas,RūbinėTerasa,Skalbimo mašinaSu baldaisŠaldytuvasŠildomos grindysVirtuvės komplektasViryklėPlastikiniai vamzdžiaiIndaplovė,,1,
"Palanga, Našlaičių tak., mūrinis namas",290 000 €,,"175,42 m²","7,5 a",5,2,2006,Mūrinis,Namas (gyvenamasis),"Dujinis, kietu kuru",Miesto vandentiekis,Įrengtas,Įsikelti į naujus namus padėsperkraustymo profesionalaiiš,,,Saulės elektrinė Jūsų namui ar butui:,Kraštinis sklypasElektraDujos,GaražasRūbinė,Skalbimo mašinaSu baldaisŠaldytuvasŠildomos grindysVirtuvės komplektasViryklė,Aptverta teritorija,,
"Palanga, Vanagupės g., mūrinis namas",665 000 €,14A,110 m²,5 a,4,2,2019,Mūrinis,Namas (gyvenamasis),Dujinis,Miesto vandentiekis,Įrengtas,Įsikelti į naujus namus padėsperkraustymo profesionalaiiš,Jūra,,Saulės elektrinė Jūsų namui ar butui:,Kraštinis sklypasAsfaltuotas privažiavimasElektraDujos,RūbinėŪkiniai pastatai,KondicionieriusSkalbimo mašinaSu baldaisŠaldytuvasŠildomos grindysVirtuvės komplektasViryklėIndaplovėRekuperacinė sistema,Aptverta teritorijaSignalizacija,700,
"Palanga, Šventoji, Kuršių tak., karkasinis namas",52 000 €,16B,80 m²,4 a,4,2,2024,Karkasinis,Namas (gyvenamasis),"Centrinis kolektorinis, aeroterminis",,Dalinė apdaila,Įsirengti naujus namus padėsinterjero dizaineriaiiš,Jūra,,Saulės elektrinė Jūsų namui ar butui:,Elektra,,,,,
"Palanga, Šventoji, Gulbių g., medinė sodyba",399 000 €,4,270 m²,12 a,,1,2015,Medinis,Sodyba,Kita,,Įrengtas,Įsikelti į naujus namus padėsperkraustymo profesionalaiiš,,,Saulės elektrinė Jūsų namui ar butui:,,,,,,
"Palanga, Paliepgirių kel., mūrinis sublokuotas namas",239 950 €,8A,80 m²,2 a,,2,2023,Mūrinis,Sublokuotas namas,Aeroterminis,,Įrengtas,Įsikelti į naujus namus padėsperkraustymo profesionalaiiš,,,Saulės elektrinė Jūsų namui ar butui:,,,,,,
"Palanga, Tremtinių g., mūrinis namas",490 000 €,2L,125 m²,8 a,4,1,2020,Mūrinis,Namas (gyvenamasis),Dujinis,Miesto vandentiekis,Įrengtas,Įsikelti į naujus namus padėsperkraustymo profesionalaiiš,Jūra,A+,Saulės elektrinė Jūsų namui ar butui:,ElektraDujosInternetas,Terasa,KondicionieriusSkalbimo mašinaSu baldaisŠaldytuvasŠildomos grindysVirtuvės komplektasViryklėIndaplovėRekuperacinė sistema,Aptverta teritorijaSignalizacija,700,
"Palanga, Palanga, Medžiotojų g., mūrinio namo dalis",450 000 €,11,200 m²,"2,3 a",7,3,1958,Mūrinis,Namo dalis,Dujinis,,Įrengtas,Įsikelti į naujus namus padėsperkraustymo profesionalaiiš,,,Saulės elektrinė Jūsų namui ar butui:,InternetasDujosAsfaltuotas privažiavimasGreta miško,TerasaPirtis,Su baldaisPlastikiniai vamzdžiaiSkalbimo mašinaŠaldytuvasVirtuvės komplektasViryklė,Šarvuotos durys,,
"Palanga, Palanga, Druskininkų g., mūrinis sublokuotas namas",290 000 €,7B,163 m²,"0,35 a",7,4,2007,Mūrinis,Sublokuotas namas,Elektra,Miesto vandentiekis,Įrengtas,Įsikelti į naujus namus padėsperkraustymo profesionalaiiš,Jūra,,Saulės elektrinė Jūsų namui ar butui:,Asfaltuotas privažiavimasElektraInternetasKabelinė televizija,GaražasRūsys,Skalbimo mašinaSu baldaisŠaldytuvasVirtuvės komplektasViryklėŽidinysPlastikiniai vamzdžiaiIndaplovė,SignalizacijaŠarvuotos durys,1 200,
"Palanga, Šventoji, Miško tak., mūrinio namo dalis",150 000 €,,55 m²,23 a,2,1,1968,Mūrinis,Namo dalis,Kietu kuru,,Įrengtas,Įsikelti į naujus namus padėsperkraustymo profesionalaiiš,,,Saulės elektrinė Jūsų namui ar butui:,,,,,,
"Palanga, karkasinis kita",57 000 €,,40 m²,0 a,2,1,2024,Karkasinis,"Kita (nukeliamas, projektas, kt.)",Elektra,,Įrengtas,Įsikelti į naujus namus padėsperkraustymo profesionalaiiš,Jūra,A,Saulės elektrinė Jūsų namui ar butui:,,,KondicionieriusSkalbimo mašinaSu baldaisŠaldytuvasVirtuvės komplektasViryklėIndaplovė,,500,
"Palanga, Šventoji, Gervuogių tak., blokinis namas",160 000 €,,119 m²,5 a,,2,2007,Blokinis,Namas (gyvenamasis),Skystu kuru,Šulinys,Įrengtas,Įsikelti į naujus namus padėsperkraustymo profesionalaiiš,Upė,,Saulės elektrinė Jūsų namui ar butui:,Greta miškoElektra,Terasa,Skalbimo mašinaSu baldaisŠaldytuvasVirtuvės komplektasViryklėIndaplovė,Aptverta teritorija,100,
"Palanga, Molo g., karkasinis sublokuotas namas",415 000 €,46,70 m²,3 a,,2,2015,Karkasinis,Sublokuotas namas,"Elektra, aeroterminis",,Įrengtas,Įsikelti į naujus namus padėsperkraustymo profesionalaiiš,,,Saulės elektrinė Jūsų namui ar butui:,,,,,,
"Palanga, Vakaro g., mūrinis namas",245 000 €,,"367,32 m²",10 a,,4,1190,Mūrinis,Namas (gyvenamasis),Kita,,Įrengtas,Įsikelti į naujus namus padėsperkraustymo profesionalaiiš,,,Saulės elektrinė Jūsų namui ar butui:,,,,,,
"Palanga, Šventoji, Svarainių 5-asis tak., karkasinis namas",139 500 €,,92 m²,6 a,3,1,2011,Karkasinis,Namas (gyvenamasis),"Aeroterminis, kietu kuru",Šulinys,Įrengtas,Įsikelti į naujus namus padėsperkraustymo profesionalaiiš,Upė,,Saulės elektrinė Jūsų namui ar butui:,InternetasKabelinė televizija,Ūkiniai pastataiTerasa,Skalbimo mašinaSu baldaisŠaldytuvasŠildomos grindysVirtuvės komplektasViryklėPlastikiniai vamzdžiaiIndaplovė,Aptverta teritorija,350,
"Palanga, Šventoji, Latgalos g., blokinis sublokuotas namas",218 000 €,,"63,6 m²",2 a,,2,2023,Blokinis,Sublokuotas namas,Kita,,Įrengtas,Įsikelti į naujus namus padėsperkraustymo profesionalaiiš,,,Saulės elektrinė Jūsų namui ar butui:,,,,,,
"Palanga, Žiogupio g., mūrinis sublokuotas namas",389 000 €,15,106 m²,5 a,4,2,2022,Mūrinis,Sublokuotas namas,Dujinis,Miesto vandentiekis,Įrengtas,Įsikelti į naujus namus padėsperkraustymo profesionalaiiš,Jūra,A+,Saulės elektrinė Jūsų namui ar butui:,Greta miškoElektraDujosInternetas,Terasa,KondicionieriusSkalbimo mašinaSu baldaisŠaldytuvasŠildomos grindysVirtuvės komplektasViryklėPlastikiniai vamzdžiaiIndaplovėRekuperacinė sistema,Aptverta teritorijaSignalizacija,1 500,
"Palanga, Mėtų skg., mūrinis namas",399 999 €,7,250 m²,"6,8 a",,2,1990,Mūrinis,Namas (gyvenamasis),"Elektra, dujinis",,Įrengtas,Įsikelti į naujus namus padėsperkraustymo profesionalaiiš,,,Saulės elektrinė Jūsų namui ar butui:,,,,,,
"Palanga, Vaivorykštės g., mūrinis namas",438 000 €,,80 m²,"4,37 a",,1,2021,Mūrinis,Namas (gyvenamasis),Dujinis,,Įrengtas,Įsikelti į naujus namus padėsperkraustymo profesionalaiiš,,,Saulės elektrinė Jūsų namui ar butui:,,,,,,
"Palanga, Vakaro g., mūrinis sublokuotas namas",145 000 €,3D,77 m²,2 a,3,2,2023,Mūrinis,Sublokuotas namas,Dujinis,Miesto vandentiekis,Dalinė apdaila,Įsirengti naujus namus padėsinterjero dizaineriaiiš,,,Saulės elektrinė Jūsų namui ar butui:,ElektraDujos,Terasa,Šildomos grindys,,,
"Palanga, Klaipėdos pl., mūrinis sublokuotas namas",214 000 €,4N,"81,52 m²","2,16 a",,2,2023,Mūrinis,Sublokuotas namas,Aeroterminis,,Dalinė apdaila,Įsirengti naujus namus padėsinterjero dizaineriaiiš,,,Saulės elektrinė Jūsų namui ar butui:,,,,,,
"Palanga, Palanga, Bangų g., mūrinis namas",336 000 €,26,126 m²,5 a,,2,2024,Mūrinis,Namas (gyvenamasis),Dujinis,,Dalinė apdaila,Įsirengti naujus namus padėsinterjero dizaineriaiiš,,,Saulės elektrinė Jūsų namui ar butui:,,,,,,
"Palanga, Suvalkiečių g., mūrinis namas",710 000 €,,426 m²,"8,84 a",11,3,2012,Mūrinis,Namas (gyvenamasis),Dujinis,,Įrengtas,Įsikelti į naujus namus padėsperkraustymo profesionalaiiš,,,Saulės elektrinė Jūsų namui ar butui:,,,,,,
"Palanga, Vaivorykštės g., mūrinis sublokuotas namas",275 000 €,67G K1,"79,03 m²","3,11 a",3,2,2017,Mūrinis,Sublokuotas namas,Dujinis,Miesto vandentiekis,Įrengtas,Įsikelti į naujus namus padėsperkraustymo profesionalaiiš,Jūra,A++,Saulės elektrinė Jūsų namui ar butui:,Asfaltuotas privažiavimasElektraDujosInternetasKabelinė televizija,Terasa,KondicionieriusSkalbimo mašinaSu baldaisŠaldytuvasŠildomos grindysVirtuvės komplektasViryklėŽidinysPlastikiniai vamzdžiaiIndaplovėRekuperacinė sistema,Aptverta teritorijaSignalizacijaVaizdo kameros,700,
"Palanga, Vanagupės g., mūrinis sublokuotas namas",370 000 €,,"106,33 m²","1,45 a",,3,2008,Mūrinis,Sublokuotas namas,Dujinis,,Įrengtas,Įsikelti į naujus namus padėsperkraustymo profesionalaiiš,,,Saulės elektrinė Jūsų namui ar butui:,,,,,,
"Palanga, J. Basanavičiaus g., mūrinis namas",3 700 000 €,,500 m²,10 a,,3,2021,Mūrinis,Namas (gyvenamasis),Dujinis,,Įrengtas,Įsikelti į naujus namus padėsperkraustymo profesionalaiiš,,,Saulės elektrinė Jūsų namui ar butui:,,,,,,
"Palanga, Vaivorykštės g., mūrinis sublokuotas namas",244 000 €,,90 m²,5 a,4,2,2022,Mūrinis,Sublokuotas namas,Dujinis,,Dalinė apdaila,Įsirengti naujus namus padėsinterjero dizaineriaiiš,,A+,Saulės elektrinė Jūsų namui ar butui:,,,,,,
"Palanga, Vaivorykštės g., mūrinis namas",254 000 €,,90 m²,5 a,4,2,2022,Mūrinis,Namas (gyvenamasis),Dujinis,,Dalinė apdaila,Įsirengti naujus namus padėsinterjero dizaineriaiiš,,A+,Saulės elektrinė Jūsų namui ar butui:,,,,,,
"Palanga, Nemirsetos g., mūrinis namas",55 000 €,,50 m²,2 a,,1,2024,Mūrinis,Namas (gyvenamasis),Kita,,Dalinė apdaila,Įsirengti naujus namus padėsinterjero dizaineriaiiš,,,Saulės elektrinė Jūsų namui ar butui:,,,,,,
"Palanga, Žemaitės g., mūrinis namas",750 000 €,20,"187,57 m²","8,06 a",,2,1960,Mūrinis,Namas (gyvenamasis),Dujinis,,Įrengtas,Įsikelti į naujus namus padėsperkraustymo profesionalaiiš,,,Saulės elektrinė Jūsų namui ar butui:,,,,,,
"Palanga, Vytauto g., mūrinis sublokuotas namas",485 000 €,58A,"78,97 m²","1,92 a",,2,1998,Mūrinis,Sublokuotas namas,Dujinis,,Įrengtas,Įsikelti į naujus namus padėsperkraustymo profesionalaiiš,,,Saulės elektrinė Jūsų namui ar butui:,,,,,,
"Palanga, Paliepgirių kel., mūrinis sublokuotas namas",279 900 €,49,"79,7 m²","1,37 a",3,2,2021,Mūrinis,Sublokuotas namas,Aeroterminis,Miesto vandentiekis,Įrengtas,Įsikelti į naujus namus padėsperkraustymo profesionalaiiš,,,Saulės elektrinė Jūsų namui ar butui:,Greta miškoAsfaltuotas privažiavimas,BaseinasTerasa,KondicionieriusSkalbimo mašinaSu baldaisŠaldytuvasŠildomos grindysVirtuvės komplektasViryklėIndaplovėRekuperacinė sistema,Aptverta teritorija,,
"Palanga, Elijos g., karkasinis namas",209 520 €,,72 m²,"3,42 a",3,2,2021,Karkasinis,Namas (gyvenamasis),Aeroterminis,,Įrengtas,Įsikelti į naujus namus padėsperkraustymo profesionalaiiš,,,Saulės elektrinė Jūsų namui ar butui:,Kraštinis sklypasGreta miškoAsfaltuotas privažiavimasElektra,Terasa,,Aptverta teritorijaVaizdo kameros,,
"Palanga, mūrinis namas",174 999 €,,80 m²,5 a,,1,2023,Mūrinis,Namas (gyvenamasis),Kita,,Dalinė apdaila,Įsirengti naujus namus padėsinterjero dizaineriaiiš,,,Saulės elektrinė Jūsų namui ar butui:,,,,,,
"Palanga, Šventoji, Gulbių g., mūrinis sublokuotas namas",249 000 €,13,84 m²,3 a,3,2,2009,Mūrinis,Sublokuotas namas,"Centrinis kolektorinis, dujinis",Miesto vandentiekis,Įrengtas,Įsikelti į naujus namus padėsperkraustymo profesionalaiiš,Upė,,Saulės elektrinė Jūsų namui ar butui:,ElektraDujosInternetasKabelinė televizija,Terasa,KondicionieriusSkalbimo mašinaSu baldaisŠaldytuvasŠildomos grindysVirtuvės komplektasViryklė,Aptverta teritorijaSignalizacija,,
"Palanga, Vaivorykštės g., mūrinis sublokuotas namas",130 000 €,,48 m²,2 a,,2,2022,Mūrinis,Sublokuotas namas,"Aeroterminis, kita",,Dalinė apdaila,Įsirengti naujus namus padėsinterjero dizaineriaiiš,,,Saulės elektrinė Jūsų namui ar butui:,,,,,,
"Palanga, Paliepgirių kel., mūrinis namas",210 000 €,57B,70 m²,3 a,3,1,2017,Mūrinis,Namas (gyvenamasis),Elektra,Miesto vandentiekis,Įrengtas,Įsikelti į naujus namus padėsperkraustymo profesionalaiiš,Jūra,,Saulės elektrinė Jūsų namui ar butui:,Kraštinis sklypasElektra,Terasa,Su baldaisVirtuvės komplektas,Aptverta teritorijaSignalizacija,,
"Palanga, Medžiotojų g., mūrinis namas",800 000 €,12,362 m²,4 a,,3,1994,Mūrinis,Namas (gyvenamasis),"Elektra, kietu kuru",Miesto vandentiekis,Įrengtas,Įsikelti į naujus namus padėsperkraustymo profesionalaiiš,,,Saulės elektrinė Jūsų namui ar butui:,Kraštinis sklypasAsfaltuotas privažiavimasElektra,GaražasRūsys,Su baldaisVirtuvės komplektas,Aptverta teritorijaSignalizacijaŠarvuotos durys,,
"Palanga, Vanagupės g., mūrinis namas",665 000 €,14,110 m²,5 a,4,2,2019,Mūrinis,Namas (gyvenamasis),Dujinis,Miesto vandentiekis,Įrengtas,Įsikelti į naujus namus padėsperkraustymo profesionalaiiš,Jūra,,Saulės elektrinė Jūsų namui ar butui:,Kraštinis sklypasGreta miškoAsfaltuotas privažiavimasElektraDujos,RūbinėŪkiniai pastatai,KondicionieriusSkalbimo mašinaSu baldaisŠaldytuvasŠildomos grindysVirtuvės komplektasIndaplovėRekuperacinė sistema,Aptverta teritorijaSignalizacijaŠarvuotos durys,600,
"Palanga, Kaštonų g., mūrinis namas",250 000 €,2,"104,57 m²","5,13 a",4,2,2022,Mūrinis,Namas (gyvenamasis),Aeroterminis,Miesto vandentiekis,Įrengtas,Įsikelti į naujus namus padėsperkraustymo profesionalaiiš,Jūra,,Saulės elektrinė Jūsų namui ar butui:,Kraštinis sklypasGreta miškoAsfaltuotas privažiavimasElektra,Terasa,,,700,
"Palanga, Kaštonų g., mūrinis namas",250 000 €,2,"104,57 m²","5,13 a",4,2,2022,Mūrinis,Namas (gyvenamasis),Aeroterminis,Miesto vandentiekis,Dalinė apdaila,Įsirengti naujus namus padėsinterjero dizaineriaiiš,Jūra,,Saulės elektrinė Jūsų namui ar butui:,Kraštinis sklypasGreta miškoAsfaltuotas privažiavimasElektra,Terasa,,,700,
"Palanga, Šventoji, Mokyklos g., monolitinė namo dalis",735 000 €,62,"147,6 m²","0,8 a",,2,2020,Monolitinis,Namo dalis,Centrinis kolektorinis,,Įrengtas,Įsikelti į naujus namus padėsperkraustymo profesionalaiiš,,,Saulės elektrinė Jūsų namui ar butui:,,,,,,
"Palanga, Jūros g., mūrinis sublokuotas namas",410 000 €,36,"69,23 m²","3,18 a",3,2,2022,Mūrinis,Sublokuotas namas,"Elektra, aeroterminis",Miesto vandentiekis,Įrengtas,Įsikelti į naujus namus padėsperkraustymo profesionalaiiš,Jūra,,Saulės elektrinė Jūsų namui ar butui:,Kraštinis sklypasGreta miškoAsfaltuotas privažiavimasElektraInternetasKabelinė televizija,Terasa,KondicionieriusSkalbimo mašinaSu baldaisŠaldytuvasŠildomos grindysVirtuvės komplektasViryklėPlastikiniai vamzdžiaiIndaplovėRekuperacinė sistema,Aptverta teritorijaSignalizacija,,
"Palanga, Klaipėdos pl., mūrinis sublokuotas namas",398 000 €,,"86,03 m²","2,13 a",4,2,2008,Mūrinis,Sublokuotas namas,Dujinis,Miesto vandentiekis,Įrengtas,Įsikelti į naujus namus padėsperkraustymo profesionalaiiš,Jūra,,Saulės elektrinė Jūsų namui ar butui:,Asfaltuotas privažiavimasInternetasKabelinė televizija,,Skalbimo mašinaSu baldaisŠaldytuvasŠildomos grindysVirtuvės komplektasViryklėŽidinysPlastikiniai vamzdžiaiIndaplovė,Aptverta teritorijaSignalizacija,500,
"Palanga, Klaipėdos pl., mūrinis sublokuotas namas",156 600 €,6H,54 m²,"1,5 a",3,2,2024,Mūrinis,Sublokuotas namas,Aeroterminis,Miesto vandentiekis,Dalinė apdaila,Įsirengti naujus namus padėsinterjero dizaineriaiiš,Jūra,A++,Saulės elektrinė Jūsų namui ar butui:,Kraštinis sklypasGreta miškoAsfaltuotas privažiavimasElektra,Terasa,Šildomos grindysPlastikiniai vamzdžiai,Aptverta teritorijaSignalizacijaŠarvuotos durys,600,
"Palanga, Zuikių tak., mūrinis namas",750 000 €,,"470,06 m²","12,56 a",12,2,1989,Mūrinis,Namas (gyvenamasis),Dujinis,Miesto vandentiekis,Įrengtas,Įsikelti į naujus namus padėsperkraustymo profesionalaiiš,,,Saulės elektrinė Jūsų namui ar butui:,ElektraDujosInternetasKabelinė televizija,GaražasRūbinėTerasa,Skalbimo mašinaSu baldaisŠaldytuvasVirtuvės komplektasViryklė,Aptverta teritorija,,
"Palanga, Vėžių g., mūrinis sublokuotas namas",289 000 €,12,"131,27 m²","2,35 a",6,2,2017,Mūrinis,Sublokuotas namas,Dujinis,Miesto vandentiekis,Įrengtas,Įsikelti į naujus namus padėsperkraustymo profesionalaiiš,,,Saulės elektrinė Jūsų namui ar butui:,Asfaltuotas privažiavimasElektraDujos,Terasa,Su baldaisŠildomos grindysPlastikiniai vamzdžiai,Aptverta teritorijaŠarvuotos durys,,
"Palanga, Elijos g., mūrinis namas",235 000 €,,"78,14 m²","3,5 a",4,2,2021,Mūrinis,Namas (gyvenamasis),Aeroterminis,Miesto vandentiekis,Įrengtas,Įsikelti į naujus namus padėsperkraustymo profesionalaiiš,Jūra,,Saulės elektrinė Jūsų namui ar butui:,Greta miškoAsfaltuotas privažiavimasElektraInternetasKabelinė televizija,Terasa,,,,
"Palanga, Vilimiškės kel., blokinis sublokuotas namas",172 350 €,24B,"101,38 m²","1,5 a",4,2,2023,Blokinis,Sublokuotas namas,Geoterminis,Miesto vandentiekis,Dalinė apdaila,Įsirengti naujus namus padėsinterjero dizaineriaiiš,,A+,Saulės elektrinė Jūsų namui ar butui:,Elektra,Rūbinė,Plastikiniai vamzdžiaiRekuperacinė sistema,Aptverta teritorija,,
"Palanga, Kalgraužių g., mūrinis sodo namas",110 000 €,,"70,45 m²","6,13 a",4,1,2005,Mūrinis,Sodo namas,Kietu kuru,Vietinis vandentiekis,Įrengtas,Įsikelti į naujus namus padėsperkraustymo profesionalaiiš,Upė,,Saulės elektrinė Jūsų namui ar butui:,Greta miškoAsfaltuotas privažiavimasElektraKabelinė televizija,Rūsys,Su baldaisŠaldytuvasVirtuvės komplektasViryklėŽidinys,Aptverta teritorijaSignalizacijaŠarvuotos durys,150,
"Palanga, Vėžių g., mūrinis sublokuotas namas",199 000 €,26,"109,35 m²","1,5 a",,2,2023,Mūrinis,Sublokuotas namas,Aeroterminis,Miesto vandentiekis,Dalinė apdaila,Įsirengti naujus namus padėsinterjero dizaineriaiiš,,,Saulės elektrinė Jūsų namui ar butui:,Asfaltuotas privažiavimasElektra,Terasa,KondicionieriusŠildomos grindys,SignalizacijaVaizdo kameros,,
"Palanga, Ošupio tak., mūrinis sublokuotas namas",396 000 €,,78 m²,"1,4 a",3,2,2021,Mūrinis,Sublokuotas namas,"Aeroterminis, kita",Miesto vandentiekis,Įrengtas,Įsikelti į naujus namus padėsperkraustymo profesionalaiiš,Jūra,A+,Saulės elektrinė Jūsų namui ar butui:,Kraštinis sklypasGreta miškoAsfaltuotas privažiavimasElektraInternetas,Terasa,KondicionieriusSkalbimo mašinaSu baldaisŠaldytuvasŠildomos grindysVirtuvės komplektasViryklėŽidinysPlastikiniai vamzdžiaiIndaplovėRekuperacinė sistema,Aptverta teritorijaSignalizacijaVaizdo kameros,50,
"Palanga, Aido tak., mūrinis sublokuotas namas",279 000 €,10,"77,1 m²","2,5 a",,2,2021,Mūrinis,Sublokuotas namas,Dujinis,,Įrengtas,Įsikelti į naujus namus padėsperkraustymo profesionalaiiš,,,Saulės elektrinė Jūsų namui ar butui:,,,,,,
"Palanga, Šventoji, Pylimo g., mūrinis sublokuotas namas",189 000 €,66A,85 m²,2 a,3,2,2008,Mūrinis,Sublokuotas namas,Centrinis,,Įrengtas,Įsikelti į naujus namus padėsperkraustymo profesionalaiiš,,,Saulės elektrinė Jūsų namui ar butui:,,,,,,
"Palanga, Šventoji, Audronašų g., medinė sodyba",350 000 €,,230 m²,12 a,15,1,2016,Medinis,Sodyba,Kita,Miesto vandentiekis,Įrengtas,Įsikelti į naujus namus padėsperkraustymo profesionalaiiš,Jūra,,Saulės elektrinė Jūsų namui ar butui:,Elektra,,KondicionieriusŠaldytuvasViryklė,Aptverta teritorija,700,
"Palanga, Klaipėdos pl., mūrinis namas",600 000 €,,"165,23 m²",6 a,5,2,2020,Mūrinis,Namas (gyvenamasis),Aeroterminis,Miesto vandentiekis,Įrengtas,Įsikelti į naujus namus padėsperkraustymo profesionalaiiš,,,Saulės elektrinė Jūsų namui ar butui:,Greta miškoInternetasAsfaltuotas privažiavimas,Terasa,,SignalizacijaŠarvuotos durys,,
"Palanga, Molyno g., mūrinis sublokuotas namas",275 000 €,,"147,57 m²",5 a,6,2,2020,Mūrinis,Sublokuotas namas,Elektra,Miesto vandentiekis,Įrengtas,Įsikelti į naujus namus padėsperkraustymo profesionalaiiš,,A+,Saulės elektrinė Jūsų namui ar butui:,Asfaltuotas privažiavimasElektraDujos,Terasa,Su baldaisŠildomos grindysVirtuvės komplektasPlastikiniai vamzdžiai,Aptverta teritorija,,
"Palanga, Palanga, Vaivorykštės g., mūrinis sublokuotas namas",130 000 €,51,"47,96 m²","1,35 a",3,2,2022,Mūrinis,Sublokuotas namas,Aeroterminis,,Dalinė apdaila,Įsirengti naujus namus padėsinterjero dizaineriaiiš,,,Saulės elektrinė Jūsų namui ar butui:,ElektraAsfaltuotas privažiavimas,Terasa,,Šarvuotos durys,,
"Palanga, Kastyčio g., mūrinis namas",3 080 000 €,1A,"300,94 m²","2,6 a",,2,2005,Mūrinis,Namas (gyvenamasis),Kita,,Įrengtas,Įsikelti į naujus namus padėsperkraustymo profesionalaiiš,,,Saulės elektrinė Jūsų namui ar butui:,,,,,,
"Palanga, Vėžių g., mūrinis sublokuotas namas",178 000 €,,"78,02 m²","1,5 a",,2,2023,Mūrinis,Sublokuotas namas,Aeroterminis,,Dalinė apdaila,Įsirengti naujus namus padėsinterjero dizaineriaiiš,,,Saulės elektrinė Jūsų namui ar butui:,,,,,,
"Palanga, Vėžių g., mūrinis sublokuotas namas",220 000 €,,"109,69 m²","1,5 a",,2,2023,Mūrinis,Sublokuotas namas,Aeroterminis,,Dalinė apdaila,Įsirengti naujus namus padėsinterjero dizaineriaiiš,,,Saulės elektrinė Jūsų namui ar butui:,,,,,,
"Palanga, Palanga, Vasario 16-osios g., rąstinė namo dalis",130 000 €,,69 m²,"2,3 a",3,2,2004,Rąstinis,Namo dalis,Dujinis,Miesto vandentiekis,Įrengtas,Įsikelti į naujus namus padėsperkraustymo profesionalaiiš,Jūra,,Saulės elektrinė Jūsų namui ar butui:,Kraštinis sklypasAsfaltuotas privažiavimasElektraDujos,Rūbinė,Skalbimo mašinaSu baldaisŠaldytuvasŠildomos grindysVirtuvės komplektasViryklė,Aptverta teritorija,900,
"Palanga, Aido tak., mūrinis namas",214 000 €,17,"69,36 m²","2,4 a",4,2,2023,Mūrinis,Namas (gyvenamasis),"Aeroterminis, kita",Miesto vandentiekis,Įrengtas,Įsikelti į naujus namus padėsperkraustymo profesionalaiiš,Jūra,A+,Saulės elektrinė Jūsų namui ar butui:,Asfaltuotas privažiavimasElektra,RūsysTerasa,KondicionieriusŠildomos grindysPlastikiniai vamzdžiai,Aptverta teritorija,500,
"Palanga, Aido tak., mūrinis namas",189 000 €,15,"61,03 m²","2,76 a",4,2,2023,Mūrinis,Namas (gyvenamasis),"Aeroterminis, kita",Miesto vandentiekis,Įrengtas,Įsikelti į naujus namus padėsperkraustymo profesionalaiiš,Jūra,A+,Saulės elektrinė Jūsų namui ar butui:,Asfaltuotas privažiavimasElektra,RūsysTerasa,KondicionieriusŠildomos grindysPlastikiniai vamzdžiaiRekuperacinė sistema,Aptverta teritorija,500,
"Palanga, Palanga, Vilimiškės kel., mūrinis namas",350 000 €,,"159,85 m²",10 a,4,1,2022,Mūrinis,Namas (gyvenamasis),"Aeroterminis, dujinis",Miesto vandentiekis,Įrengtas,Įsikelti į naujus namus padėsperkraustymo profesionalaiiš,,,Saulės elektrinė Jūsų namui ar butui:,ElektraDujos,GaražasTerasa,KondicionieriusSkalbimo mašinaSu baldaisŠaldytuvasŠildomos grindysVirtuvės komplektasViryklėIndaplovėRekuperacinė sistema,Aptverta teritorijaSignalizacija,,
"Palanga, Vaivorykštės g., mūrinis namas",320 000 €,15E,80 m²,"4,34 a",,2,2021,Mūrinis,Namas (gyvenamasis),Dujinis,,Įrengtas,Įsikelti į naujus namus padėsperkraustymo profesionalaiiš,,,Saulės elektrinė Jūsų namui ar butui:,,,,,,
"Palanga, Baltų g., mūrinis sublokuotas namas",165 000 €,17,"68,99 m²","19,8 a",3,2,2023,Mūrinis,Sublokuotas namas,Aeroterminis,Miesto vandentiekis,Dalinė apdaila,Įsirengti naujus namus padėsinterjero dizaineriaiiš,Jūra,A++,Saulės elektrinė Jūsų namui ar butui:,Kraštinis sklypasAsfaltuotas privažiavimasElektraInternetas,Terasa,Šildomos grindysPlastikiniai vamzdžiaiRekuperacinė sistema,Aptverta teritorija,1 400,
"Palanga, Ajerų g., mūrinis sublokuotas namas",530 000 €,14K,"86,89 m²","3,5 a",4,2,2023,Mūrinis,Sublokuotas namas,Dujinis,Miesto vandentiekis,Įrengtas,Įsikelti į naujus namus padėsperkraustymo profesionalaiiš,,,Saulės elektrinė Jūsų namui ar butui:,Greta miškoAsfaltuotas privažiavimasElektraDujosInternetasKabelinė televizija,Terasa,KondicionieriusSkalbimo mašinaSu baldaisŠaldytuvasŠildomos grindysVirtuvės komplektasViryklėIndaplovėRekuperacinė sistema,Aptverta teritorijaSignalizacija,,
"Palanga, Kurorto g., mūrinis namas",152 000 €,144,80 m²,5 a,3,1,2023,Mūrinis,Namas (gyvenamasis),Aeroterminis,Artezinis,Įrengtas,Įsikelti į naujus namus padėsperkraustymo profesionalaiiš,Jūra,A++,Saulės elektrinė Jūsų namui ar butui:,Kraštinis sklypasGreta miškoElektra,Terasa,ŠaldytuvasŠildomos grindysVirtuvės komplektasIndaplovėRekuperacinė sistema,Aptverta teritorijaSignalizacija,,
"Palanga, Vėžių g., mūrinis sublokuotas namas",408 500 €,,"104,81 m²","3,5 a",4,2,2023,Mūrinis,Sublokuotas namas,Aeroterminis,Miesto vandentiekis,Įrengtas,Įsikelti į naujus namus padėsperkraustymo profesionalaiiš,,,Saulės elektrinė Jūsų namui ar butui:,Greta miškoAsfaltuotas privažiavimasElektraDujosInternetasKabelinė televizija,PirtisTerasa,KondicionieriusSkalbimo mašinaSu baldaisŠaldytuvasŠildomos grindysVirtuvės komplektasViryklėIndaplovė,Aptverta teritorijaSignalizacija,,
"Palanga, Vėžių g., mūrinis sublokuotas namas",408 500 €,,"105,5 m²",5 a,4,2,2022,Mūrinis,Sublokuotas namas,Aeroterminis,Miesto vandentiekis,Įrengtas,Įsikelti į naujus namus padėsperkraustymo profesionalaiiš,,A+,Saulės elektrinė Jūsų namui ar butui:,Kraštinis sklypasAsfaltuotas privažiavimasElektraInternetasKabelinė televizija,PirtisTerasa,KondicionieriusSkalbimo mašinaSu baldaisŠaldytuvasŠildomos grindysVirtuvės komplektasViryklėIndaplovėRekuperacinė sistema,Aptverta teritorijaSignalizacijaŠarvuotos durysVaizdo kameros,,
"Palanga, Vilimiškės kel., mūrinis namas",385 000 €,93,"136,71 m²",10 a,,1,2025,Mūrinis,Namas (gyvenamasis),Dujinis,Miesto vandentiekis,Dalinė apdaila,Įsirengti naujus namus padėsinterjero dizaineriaiiš,,,Saulės elektrinė Jūsų namui ar butui:,Greta miškoAsfaltuotas privažiavimasElektraDujosInternetasKabelinė televizija,,,,,
"Palanga, Žiogupio g., mūrinis sublokuotas namas",310 000 €,37,80 m²,5 a,4,1,2022,Mūrinis,Sublokuotas namas,"Aeroterminis, kita",Miesto vandentiekis,Įrengtas,Įsikelti į naujus namus padėsperkraustymo profesionalaiiš,,,Saulės elektrinė Jūsų namui ar butui:,Greta miškoElektraInternetas,,Skalbimo mašinaSu baldaisŠaldytuvasŠildomos grindysVirtuvės komplektasViryklėIndaplovėRekuperacinė sistema,Aptverta teritorijaSignalizacija,,
"Palanga, Žiogupio g., mūrinis namas",557 800 €,22,179 m²,10 a,6,2,2016,Mūrinis,Namas (gyvenamasis),Dujinis,Miesto vandentiekis,Įrengtas,Įsikelti į naujus namus padėsperkraustymo profesionalaiiš,Jūra,B,Saulės elektrinė Jūsų namui ar butui:,Kraštinis sklypasGreta miškoElektraDujos,GaražasPirtisŪkiniai pastataiTerasa,KondicionieriusSkalbimo mašinaSu baldaisŠaldytuvasŠildomos grindysVirtuvės komplektasViryklėŽidinysPlastikiniai vamzdžiaiIndaplovė,Aptverta teritorijaSignalizacijaVaizdo kameros,,
"Palanga, Savanorių g., mūrinis sublokuotas namas",140 000 €,17,40 m²,"2,22 a",,2,2022,Mūrinis,Sublokuotas namas,Dujinis,,Dalinė apdaila,Įsirengti naujus namus padėsinterjero dizaineriaiiš,,,Saulės elektrinė Jūsų namui ar butui:,,,,,,
"Palanga, Vingio g., mūrinis namas",249 000 €,,"58,57 m²","1,6 a",3,2,2021,Mūrinis,Namas (gyvenamasis),Dujinis,,Įrengtas,Įsikelti į naujus namus padėsperkraustymo profesionalaiiš,,,Saulės elektrinė Jūsų namui ar butui:,,,,,,
"Palanga, Sakalo g., mūrinis namas",610 000 €,30,80 m²,"3,5 a",,2,2019,Mūrinis,Namas (gyvenamasis),Dujinis,,Įrengtas,Įsikelti į naujus namus padėsperkraustymo profesionalaiiš,,,Saulės elektrinė Jūsų namui ar butui:,,,,,,
"Palanga, Klaipėdos pl., mūrinis sublokuotas namas",150 000 €,4N,"61,8 m²","0,118 a",,2,2023,Mūrinis,Sublokuotas namas,Aeroterminis,,Dalinė apdaila,Įsirengti naujus namus padėsinterjero dizaineriaiiš,,,Saulės elektrinė Jūsų namui ar butui:,,,,,,
"Palanga, Matininkų g., mūrinis sublokuotas namas",250 000 €,,"116,3 m²",6 a,4,1,2023,Mūrinis,Sublokuotas namas,Dujinis,Miesto vandentiekis,Dalinė apdaila,Įsirengti naujus namus padėsinterjero dizaineriaiiš,Jūra,A+,Saulės elektrinė Jūsų namui ar butui:,ElektraDujos,Terasa,Šildomos grindysPlastikiniai vamzdžiai,SignalizacijaŠarvuotos durys,3 000,
"Palanga, Vasario 16-osios g., mūrinis namas",715 000 €,35A,444 m²,7 a,10,3,1996,Mūrinis,Namas (gyvenamasis),Dujinis,Miesto vandentiekis,Įrengtas,Įsikelti į naujus namus padėsperkraustymo profesionalaiiš,Jūra,,Saulės elektrinė Jūsų namui ar butui:,Asfaltuotas privažiavimasElektraDujos,GaražasPirtisRūsys,,,1 700,
"Palanga, Baltų g., mūrinis sublokuotas namas",165 000 €,17A,"67,5 m²","1,25 a",3,2,2022,Mūrinis,Sublokuotas namas,Aeroterminis,Miesto vandentiekis,Dalinė apdaila,Įsirengti naujus namus padėsinterjero dizaineriaiiš,Jūra,A++,Saulės elektrinė Jūsų namui ar butui:,Asfaltuotas privažiavimasElektraInternetas,Terasa,Šildomos grindysPlastikiniai vamzdžiaiRekuperacinė sistema,Aptverta teritorijaSignalizacijaVaizdo kameros,1 200,
"Palanga, Vaivorykštės g., mūrinis sublokuotas namas",266 600 €,64,82 m²,"2,79 a",,2,2023,Mūrinis,Sublokuotas namas,Dujinis,,Dalinė apdaila,Įsirengti naujus namus padėsinterjero dizaineriaiiš,,,Saulės elektrinė Jūsų namui ar butui:,,,,,,
"Palanga, Ilgoji g., karkasinis namas",350 000 €,58,"147,85 m²","5,95 a",6,2,2024,Karkasinis,Namas (gyvenamasis),Aeroterminis,Miesto vandentiekis,Įrengtas,Įsikelti į naujus namus padėsperkraustymo profesionalaiiš,Jūra,A++,Saulės elektrinė Jūsų namui ar butui:,ElektraInternetas,Terasa,KondicionieriusŠaldytuvasŠildomos grindysVirtuvės komplektasViryklėIndaplovė,Signalizacija,2 000,
"Palanga, Žiogupio g., mūrinis namas",392 000 €,,"235,85 m²",10 a,5,2,2008,Mūrinis,Namas (gyvenamasis),"Skystu kuru, kietu kuru",Miesto vandentiekis,Įrengtas,Įsikelti į naujus namus padėsperkraustymo profesionalaiiš,Jūra,,Saulės elektrinė Jūsų namui ar butui:,Kraštinis sklypasGreta miškoElektra,GaražasPirtisRūbinėTerasa,Skalbimo mašinaSu baldaisŠaldytuvasŠildomos grindysVirtuvės komplektasViryklėŽidinysPlastikiniai vamzdžiai,Aptverta teritorija,1 700,
"Palanga, Palanga, Gilių g., mūrinis namas",218 000 €,7,"65,91 m²","4,14 a",,1,2022,Mūrinis,Namas (gyvenamasis),Aeroterminis,,Įrengtas,Įsikelti į naujus namus padėsperkraustymo profesionalaiiš,,,Saulės elektrinė Jūsų namui ar butui:,,,,,,
"Palanga, Kęstučio g., mūrinis namas",2 130 000 €,,328 m²,6 a,6,4,2015,Mūrinis,Namas (gyvenamasis),Dujinis,Miesto vandentiekis,Įrengtas,Įsikelti į naujus namus padėsperkraustymo profesionalaiiš,,,Saulės elektrinė Jūsų namui ar butui:,InternetasAsfaltuotas privažiavimas,,KondicionieriusSu baldaisŠaldytuvasViryklėIndaplovė,Signalizacija,,
"Palanga, Vaivorykštės g., mūrinis sublokuotas namas",209 000 €,68D,"48,45 m²","1,72 a",3,1,2022,Mūrinis,Sublokuotas namas,Elektra,Miesto vandentiekis,Įrengtas,Įsikelti į naujus namus padėsperkraustymo profesionalaiiš,Jūra,A++,Saulės elektrinė Jūsų namui ar butui:,Kraštinis sklypasGreta miškoAsfaltuotas privažiavimasElektraInternetasKabelinė televizijaSu pakrante,BaseinasRūbinėŪkiniai pastataiTerasa,KondicionieriusSkalbimo mašinaSu baldaisŠaldytuvasŠildomos grindysVirtuvės komplektasViryklėPlastikiniai vamzdžiaiIndaplovėRekuperacinė sistema,Aptverta teritorijaSignalizacijaŠarvuotos durysVaizdo kameros,1 200,
"Palanga, Diemedžių tak., mūrinis sodo namas",155 000 €,2,50 m²,"8,5 a",2,1,1989,Mūrinis,Sodo namas,Kietu kuru,"Miesto vandentiekis, vietinis vandentiekis",Įrengtas,Įsikelti į naujus namus padėsperkraustymo profesionalaiiš,Jūra,,Saulės elektrinė Jūsų namui ar butui:,Kraštinis sklypasGreta miškoElektra,Ūkiniai pastatai,Su baldais,Aptverta teritorija,3 000,
"Palanga, Žalioji g., mūrinis sublokuotas namas",138 000 €,1,79 m²,1 a,,2,2023,Mūrinis,Sublokuotas namas,Dujinis,,Dalinė apdaila,Įsirengti naujus namus padėsinterjero dizaineriaiiš,,,Saulės elektrinė Jūsų namui ar butui:,,,,,,
"Palanga, Vaivorykštės g., mūrinis sublokuotas namas",278 000 €,,82 m²,3 a,4,2,2023,Mūrinis,Sublokuotas namas,Dujinis,Miesto vandentiekis,Įrengtas,Įsikelti į naujus namus padėsperkraustymo profesionalaiiš,,,Saulės elektrinė Jūsų namui ar butui:,Greta miškoAsfaltuotas privažiavimasElektraDujosInternetasKabelinė televizija,,,,,
"Palanga, Palanga, Vaivorykštės g., mūrinis sublokuotas namas",278 000 €,64,82 m²,"3,78 a",4,2,2024,Mūrinis,Sublokuotas namas,Dujinis,Miesto vandentiekis,Įrengtas,Įsikelti į naujus namus padėsperkraustymo profesionalaiiš,,A+,Saulės elektrinė Jūsų namui ar butui:,Asfaltuotas privažiavimasElektraDujos,,,,,
"Palanga, Genio g., mūrinis sublokuotas namas",359 000 €,,"84,97 m²","4,26 a",4,2,2022,Mūrinis,Sublokuotas namas,Dujinis,Miesto vandentiekis,Dalinė apdaila,Įsirengti naujus namus padėsinterjero dizaineriaiiš,Jūra,A+,Saulės elektrinė Jūsų namui ar butui:,Asfaltuotas privažiavimas,,Šildomos grindys,Aptverta teritorijaSignalizacijaŠarvuotos durys,400,
"Palanga, Palanga, Aido tak., mūrinis namas",167 000 €,66J,"39,97 m²","2,82 a",2,1,2021,Mūrinis,Namas (gyvenamasis),Aeroterminis,Miesto vandentiekis,Įrengtas,Įsikelti į naujus namus padėsperkraustymo profesionalaiiš,Jūra,A+,Saulės elektrinė Jūsų namui ar butui:,Kraštinis sklypasAsfaltuotas privažiavimasElektraInternetas,Terasa,KondicionieriusSkalbimo mašinaSu baldaisŠaldytuvasŠildomos grindysVirtuvės komplektasViryklėIndaplovėRekuperacinė sistema,Aptverta teritorijaSignalizacija,700,
"Palanga, Palanga, Medvalakio g., mūrinis sublokuotas namas",300 000 €,2,220 m²,5 a,,3,1994,Mūrinis,Sublokuotas namas,Dujinis,,Įrengtas,Įsikelti į naujus namus padėsperkraustymo profesionalaiiš,,,Saulės elektrinė Jūsų namui ar butui:,,,,,,
"Palanga, Užkanavės g., mūrinis sublokuotas namas",590 000 €,105B,105 m²,"1,4 a",4,3,2006,Mūrinis,Sublokuotas namas,Dujinis,Miesto vandentiekis,Įrengtas,Įsikelti į naujus namus padėsperkraustymo profesionalaiiš,Jūra,,Saulės elektrinė Jūsų namui ar butui:,Kraštinis sklypasGreta miškoAsfaltuotas privažiavimasElektra,RūsysTerasa,Židinys,Aptverta teritorijaŠarvuotos durys,50,
"Palanga, Paliepgirių kel., mūrinis sublokuotas namas",239 950 €,8A,80 m²,"1,5 a",4,2,2023,Mūrinis,Sublokuotas namas,Centrinis,,Įrengtas,Įsikelti į naujus namus padėsperkraustymo profesionalaiiš,Jūra,,Saulės elektrinė Jūsų namui ar butui:,Dujos,Terasa,,,,
"Palanga, Šventoji, Mokyklos g., mūrinis namas",179 899 €,41B,129 m²,2 a,3,2,2019,Mūrinis,Namas (gyvenamasis),"Elektra, dujinis",Vietinis vandentiekis,Dalinė apdaila,Įsirengti naujus namus padėsinterjero dizaineriaiiš,Jūra,,Saulės elektrinė Jūsų namui ar butui:,Asfaltuotas privažiavimasElektraDujos,Garažas,,Aptverta teritorija,,
"Palanga, Aido tak., mūrinis sublokuotas namas",209 000 €,,88 m²,4 a,,2,2021,Mūrinis,Sublokuotas namas,Dujinis,,Dalinė apdaila,Įsirengti naujus namus padėsinterjero dizaineriaiiš,,,Saulės elektrinė Jūsų namui ar butui:,,,,,,
"Palanga, Aido tak., mūrinis namas",219 000 €,15,"61,86 m²","3,55 a",4,2,2023,Mūrinis,Namas (gyvenamasis),"Aeroterminis, kita",Miesto vandentiekis,Įrengtas,Įsikelti į naujus namus padėsperkraustymo profesionalaiiš,Jūra,A+,Saulės elektrinė Jūsų namui ar butui:,Asfaltuotas privažiavimasElektraInternetas,RūsysTerasa,KondicionieriusSu baldaisŠaldytuvasŠildomos grindysVirtuvės komplektasViryklėPlastikiniai vamzdžiaiIndaplovėRekuperacinė sistema,,500,
"Palanga, Kunigiškių g., mūrinis namas",500 000 €,13D,"141,36 m²","12,55 a",4,1,2015,Mūrinis,Namas (gyvenamasis),Centrinis,Miesto vandentiekis,Įrengtas,Įsikelti į naujus namus padėsperkraustymo profesionalaiiš,Jūra,,Saulės elektrinė Jūsų namui ar butui:,Greta miškoAsfaltuotas privažiavimasElektraDujosInternetasKabelinė televizija,GaražasŪkiniai pastataiTerasa,KondicionieriusSkalbimo mašinaSu baldaisŠaldytuvasŠildomos grindysVirtuvės komplektasViryklėIndaplovė,Aptverta teritorijaSignalizacija,850,
"Palanga, Vaivorykštės g., mūrinis sublokuotas namas",165 000 €,51,"46,01 m²","1,5 a",,2,2023,Mūrinis,Sublokuotas namas,Elektra,,Įrengtas,Įsikelti į naujus namus padėsperkraustymo profesionalaiiš,,,Saulės elektrinė Jūsų namui ar butui:,,,,,,
"Palanga, Palanga, Klaipėdos pl., mūrinis sublokuotas namas",250 000 €,4N,"67,55 m²","1,83 a",,2,2023,Mūrinis,Sublokuotas namas,Aeroterminis,,Įrengtas,Įsikelti į naujus namus padėsperkraustymo profesionalaiiš,,,Saulės elektrinė Jūsų namui ar butui:,,,,,,
"Palanga, Palanga, M. Daujoto g., mūrinis sublokuotas namas",399 000 €,13B,"70,96 m²",2 a,3,2,2019,Mūrinis,Sublokuotas namas,Dujinis,Miesto vandentiekis,Įrengtas,Įsikelti į naujus namus padėsperkraustymo profesionalaiiš,Jūra,,Saulės elektrinė Jūsų namui ar butui:,Kraštinis sklypasGreta miškoAsfaltuotas privažiavimasElektraDujosInternetas,RūbinėTerasa,KondicionieriusSkalbimo mašinaSu baldaisŠaldytuvasŠildomos grindysVirtuvės komplektasViryklėŽidinysPlastikiniai vamzdžiaiIndaplovė,Aptverta teritorijaSignalizacijaŠarvuotos durysVaizdo kameros,800,
"Palanga, Putinų tak., mūrinis sodo namas",168 000 €,7,"227,45 m²","10,72 a",6,2,1990,Mūrinis,Sodo namas,Kietu kuru,"Miesto vandentiekis, šulinys",Įrengtas,Įsikelti į naujus namus padėsperkraustymo profesionalaiiš,Upė,,Saulės elektrinė Jūsų namui ar butui:,Elektra,GaražasPirtisRūbinėRūsysŪkiniai pastataiTerasa,Židinys,Aptverta teritorija,50,
"Palanga, Vakaro g., mūrinis sublokuotas namas",179 000 €,3D,77 m²,2 a,4,2,2023,Mūrinis,Sublokuotas namas,Dujinis,Miesto vandentiekis,Įrengtas,Įsikelti į naujus namus padėsperkraustymo profesionalaiiš,,,Saulės elektrinė Jūsų namui ar butui:,ElektraDujosInternetas,Terasa,,Aptverta teritorijaSignalizacija,,
"Palanga, Šventoji, Parko g., mūrinis sublokuotas namas",258 000 €,,"102,23 m²","3,69 a",3,2,2019,Mūrinis,Sublokuotas namas,"Elektra, dujinis",Miesto vandentiekis,Įrengtas,Įsikelti į naujus namus padėsperkraustymo profesionalaiiš,Jūra,,Saulės elektrinė Jūsų namui ar butui:,Kraštinis sklypasAsfaltuotas privažiavimasElektra,Terasa,KondicionieriusSkalbimo mašinaSu baldaisŠaldytuvasŠildomos grindysVirtuvės komplektasViryklėŽidinysPlastikiniai vamzdžiai,Aptverta teritorijaSignalizacijaŠarvuotos durys,600,
"Palanga, Latgalos g., mūrinis sublokuotas namas",240 000 €,,"61,21 m²","1,5 a",3,2,2022,Mūrinis,Sublokuotas namas,"Elektra, kita",Miesto vandentiekis,Įrengtas,Įsikelti į naujus namus padėsperkraustymo profesionalaiiš,Jūra,A++,Saulės elektrinė Jūsų namui ar butui:,,BaseinasPirtisTerasa,Skalbimo mašinaSu baldaisŠaldytuvasŠildomos grindysViryklėIndaplovėRekuperacinė sistema,,800,
"Palanga, Aido tak., mūrinis sublokuotas namas",220 000 €,,61 m²,"2,5 a",,2,2021,Mūrinis,Sublokuotas namas,Dujinis,Miesto vandentiekis,Įrengtas,Įsikelti į naujus namus padėsperkraustymo profesionalaiiš,,,Saulės elektrinė Jūsų namui ar butui:,ElektraDujos,Terasa,Su baldaisŠildomos grindysVirtuvės komplektas,Aptverta teritorijaSignalizacija,,
"Palanga, Tuopų g., mūrinis sublokuotas namas",169 000 €,19,"84,31 m²","7,5 a",3,1,2023,Mūrinis,Sublokuotas namas,Aeroterminis,,Dalinė apdaila,Įsirengti naujus namus padėsinterjero dizaineriaiiš,Jūra,A++,Saulės elektrinė Jūsų namui ar butui:,,,,,1 050,
"Palanga, Šviesos g., mūrinis namas",325 000 €,,"108,28 m²",10 a,,2,2017,Mūrinis,Namas (gyvenamasis),Dujinis,Miesto vandentiekis,Įrengtas,Įsikelti į naujus namus padėsperkraustymo profesionalaiiš,,A+,Saulės elektrinė Jūsų namui ar butui:,Asfaltuotas privažiavimasElektraDujosKabelinė televizija,Pirtis,KondicionieriusSkalbimo mašinaSu baldaisŠaldytuvasŠildomos grindysVirtuvės komplektasViryklėŽidinysPlastikiniai vamzdžiaiIndaplovėRekuperacinė sistema,Aptverta teritorijaSignalizacijaŠarvuotos durysVaizdo kameros,,
"Palanga, Šventoji, Žibų g., rąstinis sublokuotas namas",95 000 €,,40 m²,1 a,2,2,2014,Rąstinis,Sublokuotas namas,Kita,Miesto vandentiekis,Įrengtas,Įsikelti į naujus namus padėsperkraustymo profesionalaiiš,Jūra,,Saulės elektrinė Jūsų namui ar butui:,Asfaltuotas privažiavimasElektraInternetas,Terasa,Skalbimo mašinaSu baldaisŠaldytuvasViryklė,Aptverta teritorija,2 000,
"Palanga, J. Janonio g., mūrinis namas",749 000 €,9,299 m²,7 a,10,3,"1959 statyba, 1996 renovacija",Mūrinis,Namas (gyvenamasis),Dujinis,Miesto vandentiekis,Įrengtas,Įsikelti į naujus namus padėsperkraustymo profesionalaiiš,Jūra,,Saulės elektrinė Jūsų namui ar butui:,Kraštinis sklypasAsfaltuotas privažiavimasElektraDujos,GaražasRūbinėŪkiniai pastataiTerasa,KondicionieriusSkalbimo mašinaSu baldaisŠaldytuvasVirtuvės komplektasViryklėŽidinysPlastikiniai vamzdžiaiIndaplovė,Aptverta teritorijaSignalizacijaŠarvuotos durysVaizdo kameros,1 000,
"Palanga, Vanagupės g., mūrinis kita",1 540 000 €,,413 m²,"16,4 a",6,2,2004,Mūrinis,"Kita (nukeliamas, projektas, kt.)","Centrinis, dujinis",Miesto vandentiekis,Įrengtas,Įsikelti į naujus namus padėsperkraustymo profesionalaiiš,Jūra,,Saulės elektrinė Jūsų namui ar butui:,Greta miškoAsfaltuotas privažiavimasElektraDujosInternetas,BaseinasPirtisRūbinėTerasa,KondicionieriusSu baldaisŠildomos grindysŽidinysPlastikiniai vamzdžiaiRekuperacinė sistema,Aptverta teritorijaSignalizacijaŠarvuotos durysVaizdo kameros,500,
"Palanga, Nendrės g., mūrinis namas",390 000 €,3,"78,29 m²","3,55 a",4,2,2021,Mūrinis,Namas (gyvenamasis),Elektra,Miesto vandentiekis,Įrengtas,Įsikelti į naujus namus padėsperkraustymo profesionalaiiš,Jūra,,Saulės elektrinė Jūsų namui ar butui:,Kraštinis sklypasGreta miškoAsfaltuotas privažiavimasElektraInternetasKabelinė televizija,RūbinėŪkiniai pastataiTerasa,KondicionieriusSkalbimo mašinaSu baldaisŠaldytuvasVirtuvės komplektasViryklėIndaplovė,Aptverta teritorija,200,
"Palanga, S. Dariaus ir S. Girėno g., mūrinis sublokuotas namas",690 000 €,,"104,2 m²","2,42 a",,3,2001,Mūrinis,Sublokuotas namas,Dujinis,,Įrengtas,Įsikelti į naujus namus padėsperkraustymo profesionalaiiš,,,Saulės elektrinė Jūsų namui ar butui:,,,,,,
"Palanga, Palanga, Plytų g., mūrinis namas",945 000 €,,"258,9 m²","7,5 a",9,2,2023,Mūrinis,Namas (gyvenamasis),Dujinis,,Įrengtas,Įsikelti į naujus namus padėsperkraustymo profesionalaiiš,,,Saulės elektrinė Jūsų namui ar butui:,Kraštinis sklypasElektraDujosAsfaltuotas privažiavimas,GaražasTerasa,Skalbimo mašinaSu baldais,Signalizacija,,
"Palanga, Palanga, Vilimiškės kel., mūrinis namas",250 000 €,121,110 m²,"6,05 a",,2,2023,Mūrinis,Namas (gyvenamasis),Dujinis,,Dalinė apdaila,Įsirengti naujus namus padėsinterjero dizaineriaiiš,,,Saulės elektrinė Jūsų namui ar butui:,,,,,,
"Palanga, Monciškės g., mūrinis sublokuotas namas",195 000 €,,"46,52 m²",2 a,3,2,2022,Mūrinis,Sublokuotas namas,Aeroterminis,Miesto vandentiekis,Įrengtas,Įsikelti į naujus namus padėsperkraustymo profesionalaiiš,,A++,Saulės elektrinė Jūsų namui ar butui:,,BaseinasPirtisTerasa,KondicionieriusSu baldaisŠildomos grindysVirtuvės komplektas,Aptverta teritorijaVaizdo kameros,,
"Palanga, Jūražolių g., mūrinis namas",348 000 €,26,126 m²,10 a,4,1,2022,Mūrinis,Namas (gyvenamasis),Aeroterminis,Miesto vandentiekis,Įrengtas,Įsikelti į naujus namus padėsperkraustymo profesionalaiiš,,A++,Saulės elektrinė Jūsų namui ar butui:,,RūbinėTerasa,KondicionieriusSkalbimo mašinaSu baldaisŠaldytuvasVirtuvės komplektasViryklėIndaplovėRekuperacinė sistema,,,
"Palanga, Palanga, Kontininkų g., mūrinis namas",440 000 €,,80 m²,"6,75 a",,2,2023,Mūrinis,Namas (gyvenamasis),Dujinis,,Įrengtas,Įsikelti į naujus namus padėsperkraustymo profesionalaiiš,,,Saulės elektrinė Jūsų namui ar butui:,,,,,,
"Palanga, Jūratės g., mūrinis namas",450 000 €,23,"169,08 m²","4,36 a",6,2,1957,Mūrinis,Namas (gyvenamasis),Centrinis,Miesto vandentiekis,Įrengtas,Įsikelti į naujus namus padėsperkraustymo profesionalaiiš,Jūra,,Saulės elektrinė Jūsų namui ar butui:,Kraštinis sklypasAsfaltuotas privažiavimasElektraDujosInternetasKabelinė televizija,GaražasTerasa,,Aptverta teritorija,950,
"Palanga, Žemaičių g., mūrinis namas",450 000 €,5E,"132,08 m²","2,59 a",,3,2012,Mūrinis,Namas (gyvenamasis),Dujinis,,Įrengtas,Įsikelti į naujus namus padėsperkraustymo profesionalaiiš,,,Saulės elektrinė Jūsų namui ar butui:,,,,,,
"Palanga, Priešaušrio g., rąstinis namas",450 000 €,,330 m²,8 a,6,2,2005,Rąstinis,Namas (gyvenamasis),"Dujinis, kietu kuru",Miesto vandentiekis,Įrengtas,Įsikelti į naujus namus padėsperkraustymo profesionalaiiš,Jūra,D,Saulės elektrinė Jūsų namui ar butui:,Kraštinis sklypasAsfaltuotas privažiavimasElektraDujosInternetasKabelinė televizija,GaražasPirtisRūbinėRūsysTerasa,Skalbimo mašinaSu baldaisŠaldytuvasVirtuvės komplektasViryklėŽidinysPlastikiniai vamzdžiaiIndaplovė,Aptverta teritorijaŠarvuotos durys,,
"Palanga, Šventoji, Paupio g., karkasinis namas",133 600 €,,"46,8 m²",4 a,3,2,2024,Karkasinis,Namas (gyvenamasis),Elektra,Miesto vandentiekis,Įrengtas,Įsikelti į naujus namus padėsperkraustymo profesionalaiiš,Upė,,Saulės elektrinė Jūsų namui ar butui:,Greta miškoElektra,Terasa,KondicionieriusŠildomos grindysPlastikiniai vamzdžiai,,100,
"Palanga, Austrinio g., mūrinis sublokuotas namas",140 000 €,66,70 m²,"2,5 a",3,2,2023,Mūrinis,Sublokuotas namas,Aeroterminis,Miesto vandentiekis,Dalinė apdaila,Įsirengti naujus namus padėsinterjero dizaineriaiiš,Jūra,A+,Saulės elektrinė Jūsų namui ar butui:,Elektra,Rūbinė,,SignalizacijaŠarvuotos durys,1 900,
"Palanga, Gudobelių g., mūrinis sublokuotas namas",139 000 €,3,"39,48 m²",1 a,,2,2018,Mūrinis,Sublokuotas namas,Aeroterminis,,Įrengtas,Įsikelti į naujus namus padėsperkraustymo profesionalaiiš,,,Saulės elektrinė Jūsų namui ar butui:,,,,,,
"Palanga, Bebrų g., mūrinis sublokuotas namas",170 000 €,28A,90 m²,"2,5 a",4,2,2023,Mūrinis,Sublokuotas namas,Aeroterminis,Miesto vandentiekis,Dalinė apdaila,Įsirengti naujus namus padėsinterjero dizaineriaiiš,Jūra,A+,Saulės elektrinė Jūsų namui ar butui:,Elektra,,,SignalizacijaŠarvuotos durys,1 900,
"Palanga, Vaivorykštės g., mūrinis namas",320 000 €,,"74,5 m²",4 a,3,1,2021,Mūrinis,Namas (gyvenamasis),Kita,,Įrengtas,Įsikelti į naujus namus padėsperkraustymo profesionalaiiš,,,Saulės elektrinė Jūsų namui ar butui:,,,,,,
"Palanga, Kunigiškių g., mūrinis sublokuotas namas",309 500 €,,"78,4 m²","1,64 a",3,2,2023,Mūrinis,Sublokuotas namas,Dujinis,Miesto vandentiekis,Įrengtas,Įsikelti į naujus namus padėsperkraustymo profesionalaiiš,Jūra,A++,Saulės elektrinė Jūsų namui ar butui:,Asfaltuotas privažiavimas,Terasa,KondicionieriusSu baldaisŠaldytuvasŠildomos grindysVirtuvės komplektasViryklėIndaplovėRekuperacinė sistema,Aptverta teritorijaSignalizacijaŠarvuotos durys,650,
"Palanga, Žalioji g., mūrinis namas",185 000 €,,79 m²,5 a,3,2,2017,Mūrinis,Namas (gyvenamasis),Dujinis,,Įrengtas,Įsikelti į naujus namus padėsperkraustymo profesionalaiiš,,,Saulės elektrinė Jūsų namui ar butui:,,,,,,
"Palanga, Šventoji, Paupio g., karkasinis sublokuotas namas",110 000 €,22,"42,02 m²","1,9 a",3,2,2023,Karkasinis,Sublokuotas namas,Aeroterminis,Vietinis vandentiekis,Įrengtas,Įsikelti į naujus namus padėsperkraustymo profesionalaiiš,Upė,,Saulės elektrinė Jūsų namui ar butui:,Greta miško,Terasa,Kondicionierius,Signalizacija,200,
"Palanga, S. Dariaus ir S. Girėno g., mūrinis sublokuotas namas",1 110 000 €,3,"105,81 m²","2,32 a",,3,"2001 statyba, 2021 renovacija",Mūrinis,Sublokuotas namas,Dujinis,,Įrengtas,Įsikelti į naujus namus padėsperkraustymo profesionalaiiš,,,Saulės elektrinė Jūsų namui ar butui:,,,KondicionieriusRekuperacinė sistema,SignalizacijaVaizdo kameros,,
"Palanga, Elijos g., karkasinis namas",165 600 €,9F,72 m²,"3,42 a",3,2,2021,Karkasinis,Namas (gyvenamasis),Aeroterminis,,Dalinė apdaila,Įsirengti naujus namus padėsinterjero dizaineriaiiš,,,Saulės elektrinė Jūsų namui ar butui:,Kraštinis sklypasGreta miškoAsfaltuotas privažiavimasElektra,Terasa,,Aptverta teritorijaVaizdo kameros,,
"Palanga, Lenktoji g., mūrinis namas",389 000 €,13,"235,9 m²",10 a,5,2,"2012 statyba, 2022 renovacija",Mūrinis,Namas (gyvenamasis),Dujinis,,Įrengtas,Įsikelti į naujus namus padėsperkraustymo profesionalaiiš,Jūra,,Saulės elektrinė Jūsų namui ar butui:,Asfaltuotas privažiavimasElektraDujos,GaražasRūbinėRūsysTerasa,Skalbimo mašinaSu baldaisŠaldytuvasŠildomos grindysVirtuvės komplektasViryklėŽidinysPlastikiniai vamzdžiaiIndaplovė,Signalizacija,,
"Palanga, Vingio g., mūrinis sublokuotas namas",160 000 €,,56 m²,2 a,3,2,2024,Mūrinis,Sublokuotas namas,Elektra,Miesto vandentiekis,Dalinė apdaila,Įsirengti naujus namus padėsinterjero dizaineriaiiš,Jūra,A++,Saulės elektrinė Jūsų namui ar butui:,Kraštinis sklypasGreta miškoAsfaltuotas privažiavimasElektraInternetasKabelinė televizija,Terasa,,,600,
"Palanga, Rugių g., mūrinis sublokuotas namas",197 700 €,,70 m²,"2,5 a",3,2,2023,Mūrinis,Sublokuotas namas,Aeroterminis,Miesto vandentiekis,Įrengtas,Įsikelti į naujus namus padėsperkraustymo profesionalaiiš,,A+,Saulės elektrinė Jūsų namui ar butui:,ElektraInternetas,Terasa,KondicionieriusŠildomos grindysRekuperacinė sistema,SignalizacijaŠarvuotos durys,,
"Palanga, Bebrų g., mūrinis sublokuotas namas",235 000 €,,90 m²,"2,5 a",4,2,2023,Mūrinis,Sublokuotas namas,Aeroterminis,Miesto vandentiekis,Įrengtas,Įsikelti į naujus namus padėsperkraustymo profesionalaiiš,,A+,Saulės elektrinė Jūsų namui ar butui:,ElektraInternetas,Terasa,KondicionieriusŠildomos grindysRekuperacinė sistema,Aptverta teritorijaSignalizacijaŠarvuotos durys,,
"Palanga, Sakalo g., mūrinis namas",445 000 €,29,"93,08 m²","2,1 a",5,3,2023,Mūrinis,Namas (gyvenamasis),Dujinis,Miesto vandentiekis,Dalinė apdaila,Įsirengti naujus namus padėsinterjero dizaineriaiiš,Jūra,,Saulės elektrinė Jūsų namui ar butui:,Greta miškoAsfaltuotas privažiavimasElektraDujosInternetasKabelinė televizija,Terasa,,,300,
"Palanga, Vaivorykštės g., mūrinis sublokuotas namas",385 000 €,,85 m²,"2,9 a",4,2,2022,Mūrinis,Sublokuotas namas,Dujinis,Miesto vandentiekis,Įrengtas,Įsikelti į naujus namus padėsperkraustymo profesionalaiiš,Jūra,,Saulės elektrinė Jūsų namui ar butui:,Kraštinis sklypasGreta miškoAsfaltuotas privažiavimasElektraDujosInternetasKabelinė televizija,Terasa,KondicionieriusSkalbimo mašinaSu baldaisŠaldytuvasŠildomos grindysVirtuvės komplektasViryklėIndaplovėRekuperacinė sistema,Aptverta teritorijaSignalizacija,600,
"Palanga, Uosių g., mūrinis sublokuotas namas",236 900 €,2,103 m²,2 a,,2,2023,Mūrinis,Sublokuotas namas,Aeroterminis,,Dalinė apdaila,Įsirengti naujus namus padėsinterjero dizaineriaiiš,,,Saulės elektrinė Jūsų namui ar butui:,,,,,,
"Palanga, Sedulų tak., mūrinis sublokuotas namas",186 000 €,29,64 m²,2 a,4,2,2018,Mūrinis,Sublokuotas namas,Dujinis,Miesto vandentiekis,Įrengtas,Įsikelti į naujus namus padėsperkraustymo profesionalaiiš,Jūra,,Saulės elektrinė Jūsų namui ar butui:,Asfaltuotas privažiavimas,Terasa,Skalbimo mašinaSu baldaisŠaldytuvasŠildomos grindysVirtuvės komplektasViryklėIndaplovė,Aptverta teritorijaŠarvuotos durys,,
"Palanga, Bruknių tak., karkasinis namas",99 220 €,29,80 m²,6 a,4,2,2023,Karkasinis,Namas (gyvenamasis),Aeroterminis,Artezinis,Dalinė apdaila,Įsirengti naujus namus padėsinterjero dizaineriaiiš,Jūra,,Saulės elektrinė Jūsų namui ar butui:,Kraštinis sklypasGreta miškoAsfaltuotas privažiavimasElektra,Terasa,Šildomos grindys,,,
"Palanga, Šventoji, mūrinė sodyba",175 000 €,,350 m²,98 a,9,2,2007,Mūrinis,Sodyba,"Centrinis kolektorinis, kietu kuru","Šulinys, vietinis vandentiekis",Įrengtas,Įsikelti į naujus namus padėsperkraustymo profesionalaiiš,Upė,,Saulės elektrinė Jūsų namui ar butui:,Kraštinis sklypasGreta miškoElektraInternetas,GaražasPirtisRūbinėRūsysŪkiniai pastataiTerasa,Skalbimo mašinaSu baldaisŠaldytuvasViryklėŽidinysPlastikiniai vamzdžiai,Aptverta teritorijaŠarvuotos durysVaizdo kameros,100,
"Palanga, Klaipėdos pl., mūrinis namas",300 000 €,39,"66,46 m²","3,29 a",,2,2022,Mūrinis,Namas (gyvenamasis),Aeroterminis,,Dalinė apdaila,Įsirengti naujus namus padėsinterjero dizaineriaiiš,Jūra,,Saulės elektrinė Jūsų namui ar butui:,Kraštinis sklypasGreta miškoAsfaltuotas privažiavimasElektraInternetasKabelinė televizija,Terasa,Rekuperacinė sistema,Aptverta teritorijaSignalizacija,700,
"Palanga, Šventoji, Molo g., mūrinis sublokuotas namas",406 900 €,50,"68,3 m²","2,675 a",4,2,2021,Mūrinis,Sublokuotas namas,Elektra,Miesto vandentiekis,Įrengtas,Įsikelti į naujus namus padėsperkraustymo profesionalaiiš,Jūra,A+,Saulės elektrinė Jūsų namui ar butui:,Kraštinis sklypasGreta miškoAsfaltuotas privažiavimasElektraInternetasKabelinė televizija,Terasa,KondicionieriusSkalbimo mašinaSu baldaisŠaldytuvasŠildomos grindysVirtuvės komplektasViryklėPlastikiniai vamzdžiaiRekuperacinė sistema,Aptverta teritorijaSignalizacijaVaizdo kameros,100,
"Palanga, Klaipėdos pl., mūrinis sublokuotas namas",149 900 €,59D,80 m²,1 a,,2,2001,Mūrinis,Sublokuotas namas,Elektra,,Įrengtas,Įsikelti į naujus namus padėsperkraustymo profesionalaiiš,,,Saulės elektrinė Jūsų namui ar butui:,,,,,,
"Palanga, Kunigiškių g., mūrinis namas",320 000 €,4A,190 m²,3 a,5,3,2011,Mūrinis,Namas (gyvenamasis),Dujinis,Miesto vandentiekis,Įrengtas,Įsikelti į naujus namus padėsperkraustymo profesionalaiiš,Jūra,,Saulės elektrinė Jūsų namui ar butui:,Kraštinis sklypasAsfaltuotas privažiavimasElektraDujosInternetasKabelinė televizija,GaražasPirtisTerasa,Skalbimo mašinaSu baldaisŠaldytuvasŠildomos grindysVirtuvės komplektasViryklėIndaplovė,Aptverta teritorijaSignalizacijaVaizdo kameros,400,
"Palanga, Medvalakio g., mūrinis sublokuotas namas",289 000 €,25C,"90,35 m²","1,69 a",,3,2021,Mūrinis,Sublokuotas namas,Aeroterminis,,Įrengtas,Įsikelti į naujus namus padėsperkraustymo profesionalaiiš,,,Saulės elektrinė Jūsų namui ar butui:,,,,,,
"Palanga, Vytauto g., mūrinis namas",595 000 €,,"128,3 m²",5 a,5,2,2005,Mūrinis,Namas (gyvenamasis),Dujinis,Miesto vandentiekis,Įrengtas,Įsikelti į naujus namus padėsperkraustymo profesionalaiiš,Jūra,,Saulės elektrinė Jūsų namui ar butui:,Greta miškoAsfaltuotas privažiavimasElektraDujos,RūbinėTerasa,Skalbimo mašinaSu baldaisŠaldytuvasVirtuvės komplektasViryklėŽidinysPlastikiniai vamzdžiaiIndaplovė,Aptverta teritorija,600,
"Palanga, Klaipėdos pl., mūrinis sublokuotas namas",165 000 €,6E,65 m²,0 a,3,2,2023,Mūrinis,Sublokuotas namas,Aeroterminis,Miesto vandentiekis,Dalinė apdaila,Įsirengti naujus namus padėsinterjero dizaineriaiiš,Jūra,A++,Saulės elektrinė Jūsų namui ar butui:,Greta miškoAsfaltuotas privažiavimasElektra,Terasa,,,850,
"Palanga, Užkanavės g., mūrinis sublokuotas namas",405 000 €,71,153 m²,"3,42 a",,2,2014,Mūrinis,Sublokuotas namas,Kita,Miesto vandentiekis,Neįrengtas,Įsirengti naujus namus padėsinterjero dizaineriaiiš,Jūra,,Saulės elektrinė Jūsų namui ar butui:,ElektraDujos,,,,400,
"Palanga, Vingio g., mūrinis sublokuotas namas",223 000 €,14B,53 m²,"1,5 a",,2,2022,Mūrinis,Sublokuotas namas,Dujinis,,Įrengtas,Įsikelti į naujus namus padėsperkraustymo profesionalaiiš,,,Saulės elektrinė Jūsų namui ar butui:,,,,,,
"Palanga, Sergiškių g., mūrinis namas",175 000 €,19,77 m²,"2,5 a",4,2,2023,Mūrinis,Namas (gyvenamasis),Aeroterminis,Miesto vandentiekis,Dalinė apdaila,Įsirengti naujus namus padėsinterjero dizaineriaiiš,Jūra,A++,Saulės elektrinė Jūsų namui ar butui:,Asfaltuotas privažiavimasElektra,RūbinėTerasa,,Aptverta teritorijaSignalizacijaŠarvuotos durys,800,
"Palanga, Kankorėžių g., mūrinis sublokuotas namas",375 000 €,,210 m²,"7,5 a",4,1,2019,Mūrinis,Sublokuotas namas,Aeroterminis,Miesto vandentiekis,Įrengtas,Įsikelti į naujus namus padėsperkraustymo profesionalaiiš,Jūra,B,Saulės elektrinė Jūsų namui ar butui:,Greta miškoElektra,,,Aptverta teritorijaSignalizacijaŠarvuotos durys,800,
